Name,URL,Address,Phone
A H Brooks & Co,http://www.search4solicitors.com/a-h-brooks-co-1625599.php,"Leek, Staffordshire, England",01538 399201
ABR Solicitors,http://www.search4solicitors.com/abr-solicitors-1407507.php,"Leeds, West Yorkshire, England",0844 850 5999
Adams & Remers LLP,http://www.search4solicitors.com/adams-remers-llp-1615856.php,"Lewes, East Sussex, England",01273 480616
Adams Harrison,http://www.search4solicitors.com/adams-harrison-1592294.php,"Saffron Walden, Essex, England",01799 523441
Adams Harrison,http://www.search4solicitors.com/adams-harrison-1412258.php,"Haverhill, Suffolk, England",01440 702485
Addleshaw Goddard,http://www.search4solicitors.com/addleshaw-goddard-1402818.php,"Manchester, Greater Manchester, England",0161 934 6000
Addleshaw Goddard,http://www.search4solicitors.com/addleshaw-goddard-1404329.php,"London, England",020 7606 8855
Albion Gee & Co,http://www.search4solicitors.com/albion-gee-co-1466557.php,"London, England",020 8742 7600
Alexander & Co,http://www.search4solicitors.com/alexander-co-1636245.php,"Derby, England",01332 600011
Alexander & Co,http://www.search4solicitors.com/alexander-co-1636038.php,"Derby, England",01332 600005
Alfred Newton & Co,http://www.search4solicitors.com/alfred-newton-co-1467175.php,"Wilmslow, Cheshire, England",01625 523647
Alfred Newton & Co,http://www.search4solicitors.com/alfred-newton-co-1471348.php,"Stockport, Greater Manchester, England",0161 430 8831
Allen & Overy LLP,http://www.search4solicitors.com/allen-overy-llp-1402855.php,"London, England",020 3088 0000
ALMT Legal,http://www.search4solicitors.com/almt-legal-1598641.php,"London, England",020 7203 6707
Anderson Law LLP,http://www.search4solicitors.com/anderson-law-llp-1628229.php,"Wallingford, Oxfordshire, England",01865 858878
Anderson Rowntree,http://www.search4solicitors.com/anderson-rowntree-1570798.php,"Petworth, West Sussex, England",01798 342391
Andersons,http://www.search4solicitors.com/andersons-1402879.php,"Croydon, Surrey, England",020 8680 3131
Andrew & Co LLP,http://www.search4solicitors.com/andrew-co-llp-1413518.php,"Newark, Nottinghamshire, England",01636 673743
Andrew Jackson,http://www.search4solicitors.com/andrew-jackson-1412389.php,"Hull, Kingston upon Hull, England",01482 325242
Anglo-Spanish Law,http://www.search4solicitors.com/anglospanish-law-1618634.php,"Hathersage, Derbyshire, England",01433 631508
Ansons LLP,http://www.search4solicitors.com/ansons-llp-1466767.php,"Lichfield, Staffordshire, England",01543 263456
Anthony & Jarvie,http://www.search4solicitors.com/anthony-jarvie-1615875.php,"Bridgend, Wales",01656 332248
Arthur Cox Northern Ireland,http://www.search4solicitors.com/arthur-cox-northern-ireland-1425189.php,"Belfast, Northern Ireland",028 9023 0007
Asb Law LLP,http://www.search4solicitors.com/asb-law-llp-1551816.php,"Crawley, West Sussex, England",01293 603600
Ashfords LLP,http://www.search4solicitors.com/ashfords-llp-1593324.php,"London, England",020 7544 2424
Ashtons Legal,http://www.search4solicitors.com/ashtons-legal-1623854.php,"Norwich, Norfolk, England",01603 703070
Ashtons Legal,http://www.search4solicitors.com/ashtons-legal-1421227.php,"Felixstowe, Suffolk, England",01394 277188
Ashtons Legal,http://www.search4solicitors.com/ashtons-legal-1633964.php,"Cambridge, Cambridgeshire, England",01223 363111
Ashtons Legal,http://www.search4solicitors.com/ashtons-legal-1508661.php,"Bury St Edmunds, Suffolk, England",01284 762331
Ashtons Legal,http://www.search4solicitors.com/ashtons-legal-1572833.php,"Bury St Edmunds, Suffolk, England",01284 761233
Ashtons Legal,http://www.search4solicitors.com/ashtons-legal-1569728.php,"Ipswich, Suffolk, England",01473 232425
Ashurst LLP,http://www.search4solicitors.com/ashurst-llp-1402923.php,"London, England",020 7638 1111
AST Hampsons,http://www.search4solicitors.com/ast-hampsons-1561862.php,"Rochdale, Greater Manchester, England",01706 522311
Atkinson & Firth,http://www.search4solicitors.com/atkinson-firth-1465939.php,"Shipley, West Yorkshire, England",01274 584305
Atter Mackenzie & Co,http://www.search4solicitors.com/atter-mackenzie-co-1649626.php,"Evesham, Worcestershire, England",01386 425300
Aughton Ainsworth,http://www.search4solicitors.com/aughton-ainsworth-1631336.php,"Salford, Greater Manchester, England",0161 877 8555
B G Legal Services Limited,http://www.search4solicitors.com/b-g-legal-services-limited-1551429.php,"Farnham, Surrey, England",01252 717171
Baker & McKenzie LLP,http://www.search4solicitors.com/baker-mckenzie-llp-1403015.php,"London, England",020 7919 1000
Baker Botts LLP,http://www.search4solicitors.com/baker-botts-llp-1606909.php,"London, England",020 7726 3636
Bana Vaid & Associates,http://www.search4solicitors.com/bana-vaid-associates-1467887.php,"Hillingdon, Middlesex, England",01895 272481
Banks Kelly,http://www.search4solicitors.com/banks-kelly-1570832.php,"London, England",020 7248 4231
Banner Jones,http://www.search4solicitors.com/banner-jones-1412184.php,"Sheffield, South Yorkshire, England",0333 200 2300
Barker Austin,http://www.search4solicitors.com/barker-austin-1584959.php,"London, England",020 7377 1933
Barker Gotelee Solicitors,http://www.search4solicitors.com/barker-gotelee-solicitors-1650720.php,"Ipswich, Suffolk, England",01473 611211
Barlow Robbins LLP,http://www.search4solicitors.com/barlow-robbins-llp-1570840.php,"Godalming, Surrey, England",01483 417121
Barnes & Partners,http://www.search4solicitors.com/barnes-partners-1422065.php,"Enfield, Middlesex, England",020 8366 3333
Barnett Alexander Conway Ingram LLP,http://www.search4solicitors.com/barnett-alexander-conway-ingram-llp-1407608.php,"London, England",020 8349 7680
Barr Ellison LLP,http://www.search4solicitors.com/barr-ellison-llp-1554859.php,"Cambridge, Cambridgeshire, England",01223 411315
Barr Ellison LLP,http://www.search4solicitors.com/barr-ellison-llp-1551651.php,"Cambridge, Cambridgeshire, England",01223 417200
Barrett & Thomson,http://www.search4solicitors.com/barrett-thomson-1411712.php,"Slough, England",01753 777555
Baser & Co,http://www.search4solicitors.com/baser-co-1656513.php,"Batley, West Yorkshire, England",01924 452950
Bates Solicitors,http://www.search4solicitors.com/bates-solicitors-1552997.php,"Fleet, Hampshire, England",01252 629292
Bates Solicitors,http://www.search4solicitors.com/bates-solicitors-1465998.php,"London, England",020 7936 2930
Bates Wells Braithwaite,http://www.search4solicitors.com/bates-wells-braithwaite-1551674.php,"London, England",020 7551 7777
Battens Solicitors,http://www.search4solicitors.com/battens-solicitors-1411668.php,"Dorchester, Dorset, England",01305 250560
Battens Solicitors,http://www.search4solicitors.com/battens-solicitors-1465995.php,"Yeovil, Somerset, England",01935 846000
Baxter Caulfield,http://www.search4solicitors.com/baxter-caulfield-1569335.php,"Huddersfield, West Yorkshire, England",01484 519519
BCL Solicitors LLP,http://www.search4solicitors.com/bcl-solicitors-llp-1414124.php,"London, England",020 7430 2277
Beale & Company Solicitors LLP,http://www.search4solicitors.com/beale-company-solicitors-llp-1647532.php,"London, England",020 7469 0400
Bedwell Watts & Co,http://www.search4solicitors.com/bedwell-watts-co-1593556.php,"Scarborough, North Yorkshire, England",01723 363553
Bell & Buxton,http://www.search4solicitors.com/bell-buxton-1421633.php,"Sheffield, South Yorkshire, England",0114 249 5969
Bendall & Sons,http://www.search4solicitors.com/bendall-sons-1609391.php,"Mildenhall, Suffolk, England",01638 712243
Bendall & Sons,http://www.search4solicitors.com/bendall-sons-1508699.php,"Newmarket, Suffolk, England",01638 661116
Bennett Griffin LLP,http://www.search4solicitors.com/bennett-griffin-llp-1592390.php,"Ferring, West Sussex, England",01903 229999
Bennett Griffin LLP,http://www.search4solicitors.com/bennett-griffin-llp-1508690.php,"Worthing, West Sussex, England",01903 229999
Bennetts,http://www.search4solicitors.com/bennetts-1466028.php,"Macclesfield, Cheshire, England",01625 424666
Bennetts Solicitors Attorneys & Notaries,http://www.search4solicitors.com/bennetts-solicitors-attorneys-notaries-1466031.php,"Wrington, North Somerset, England",01934 862786
Benson Mazure LLP,http://www.search4solicitors.com/benson-mazure-llp-1592393.php,"London, England",020 7486 8091
Bentleys Stokes & Lowless,http://www.search4solicitors.com/bentleys-stokes-lowless-1403126.php,"London, England",020 7782 0990
Benussi & Co,http://www.search4solicitors.com/benussi-co-1651323.php,"Birmingham, West Midlands, England",0121 248 4001
Berry & Lamberts Solicitors,http://www.search4solicitors.com/berry-lamberts-solicitors-1636482.php,"Tonbridge, Kent, England",01732 355911
Berry Smith LLP,http://www.search4solicitors.com/berry-smith-llp-1647599.php,"Bridgend, Wales",01656 645525
Bevirs,http://www.search4solicitors.com/bevirs-1551706.php,"Wootton Bassett, Wiltshire, England",01793 848900
BG Solicitors LLP,http://www.search4solicitors.com/bg-solicitors-llp-1569100.php,"Grimsby, North East Lincolnshire, England",01472 240251
Bindmans LLP,http://www.search4solicitors.com/bindmans-llp-1570886.php,"London, England",020 7833 4433
Birchall Blackburn LLP,http://www.search4solicitors.com/birchall-blackburn-llp-1507865.php,"Preston, Lancashire, England",01772 561663
Bird & Co Solicitors LLP,http://www.search4solicitors.com/bird-co-solicitors-llp-1625931.php,"Grantham, Lincolnshire, England",01476 591711
Bird Wilford & Sale,http://www.search4solicitors.com/bird-wilford-sale-1583182.php,"Loughborough, Leicestershire, England",01509 232611
Birkett Long LLP,http://www.search4solicitors.com/birkett-long-llp-1558439.php,"Chelmsford, Essex, England",01245 658337
Birkett Long LLP,http://www.search4solicitors.com/birkett-long-llp-1410200.php,"Colchester, Essex, England",01206 204124
Birketts LLP,http://www.search4solicitors.com/birketts-llp-1650507.php,"Chelmsford, Essex, England",01245 211211
Birketts LLP,http://www.search4solicitors.com/birketts-llp-1410292.php,"Ipswich, Suffolk, England",01473 232300
Bishop & Sewell LLP,http://www.search4solicitors.com/bishop-sewell-llp-1411410.php,"London, England",020 7631 4141
Blake Morgan,http://www.search4solicitors.com/blake-morgan-1469027.php,"Reading, England",0118 955 3000
Blake Morgan,http://www.search4solicitors.com/blake-morgan-1552806.php,"Cardiff, Wales",029 2068 6000
Blandy & Blandy LLP,http://www.search4solicitors.com/blandy-blandy-llp-1571048.php,"Henley-on-Thames, Oxfordshire, England",01491 572323
Blandy & Blandy LLP,http://www.search4solicitors.com/blandy-blandy-llp-1409598.php,"Reading, England",0118 951 6800
Blick & Co,http://www.search4solicitors.com/blick-co-1617308.php,"London, England",020 7247 9696
BLM,http://www.search4solicitors.com/blm-1403149.php,"London, England",020 7638 2811
Boardmans,http://www.search4solicitors.com/boardmans-1919821.php,"London, England",020 3043 8865
Bokhari & Co,http://www.search4solicitors.com/bokhari-co-1637086.php,"London, England",020 7724 7010
Bond Dickinson,http://www.search4solicitors.com/bond-dickinson-1551995.php,"Newcastle upon Tyne, Tyne & Wear, England",0345 415 0000
Bower Cotton Solicitors LLP,http://www.search4solicitors.com/bower-cotton-solicitors-llp-1403297.php,"London, England",020 7353 1313
Bowman & Co,http://www.search4solicitors.com/bowman-co-1466094.php,"Newquay, Cornwall, England",01637 875065
Boyce Hatton,http://www.search4solicitors.com/boyce-hatton-1403298.php,"Torquay, Torbay, England",01803 403403
Boyes Turner LLP,http://www.search4solicitors.com/boyes-turner-llp-1592428.php,"Reading, England",0118 959 7711
Boys & Maughan,http://www.search4solicitors.com/boys-maughan-1551925.php,"Margate, Kent, England",01843 234000
Brabners LLP,http://www.search4solicitors.com/brabners-llp-1403034.php,"Preston, Lancashire, England",01772 823921
Brabners LLP,http://www.search4solicitors.com/brabners-llp-1403333.php,"Liverpool, Merseyside, England",0151 600 3000
Bracher Rawlins LLP,http://www.search4solicitors.com/bracher-rawlins-llp-1408853.php,"London, England",020 7404 9400
Brand Mellon Solicitors Limited,http://www.search4solicitors.com/brand-mellon-solicitors-limited-1507511.php,"Gloucester, Gloucestershire, England",01452 524088
Brethertons LLP,http://www.search4solicitors.com/brethertons-llp-1594609.php,"Banbury, Oxfordshire, England",01295 270999
Brethertons LLP,http://www.search4solicitors.com/brethertons-llp-1409626.php,"Rugby, Warwickshire, England",01788 579579
Bridge McFarland,http://www.search4solicitors.com/bridge-mcfarland-1617203.php,"Lincoln, Lincolnshire, England",01522 518888
Broadbents Solicitors,http://www.search4solicitors.com/broadbents-solicitors-1423244.php,"Heanor, Derbyshire, England",01773 769891
Brown & Corbishley,http://www.search4solicitors.com/brown-corbishley-1554632.php,"Sandbach, Cheshire, England",01270 768033
Brown Turner Ross,http://www.search4solicitors.com/brown-turner-ross-1409635.php,"Southport, Merseyside, England",01704 542002
Browne Jacobson LLP,http://www.search4solicitors.com/browne-jacobson-llp-1465537.php,"London, England",020 7337 1000
Browne Jacobson LLP,http://www.search4solicitors.com/browne-jacobson-llp-1409639.php,"Nottingham, England",0115 976 6000
Bruce Lance & Co,http://www.search4solicitors.com/bruce-lance-co-1635259.php,"Poole, England",01202 679379
Bryan Cave LLP,http://www.search4solicitors.com/bryan-cave-llp-1471593.php,"London, England",020 3207 1100
Buckles Solicitors LLP,http://www.search4solicitors.com/buckles-solicitors-llp-1410336.php,"Peterborough, England",01733 888888
Burges Salmon Company Ltd,http://www.search4solicitors.com/burges-salmon-company-ltd-1403519.php,"Bristol, England",0117 939 2000
Burley & Geach,http://www.search4solicitors.com/burley-geach-1509465.php,"Hindhead, Surrey, England",01428 605355
Burley & Geach,http://www.search4solicitors.com/burley-geach-1409660.php,"Haslemere, Surrey, England",01730 262390
Burt Staples & Maner LLP,http://www.search4solicitors.com/burt-staples-maner-llp-1598753.php,"London, England",020 7353 4722
Bury & Walkers LLP,http://www.search4solicitors.com/bury-walkers-llp-1508471.php,"Leeds, West Yorkshire, England",0113 244 4227
Bury & Walkers LLP,http://www.search4solicitors.com/bury-walkers-llp-1570958.php,"Barnsley, South Yorkshire, England",01226 733533
Buss Murton Law LLP,http://www.search4solicitors.com/buss-murton-law-llp-1625633.php,"Tunbridge Wells, Kent, England",01892 510222
Butcher & Barlow LLP,http://www.search4solicitors.com/butcher-barlow-llp-1553639.php,"Sandbach, Cheshire, England",01270 762521
Butcher & Barlow LLP,http://www.search4solicitors.com/butcher-barlow-llp-1412351.php,"Runcorn, Cheshire, England",01928 576056
Butcher & Barlow LLP,http://www.search4solicitors.com/butcher-barlow-llp-1592490.php,"Prestwich, Greater Manchester, England",0161 773 2969
Butcher & Barlow LLP,http://www.search4solicitors.com/butcher-barlow-llp-1572688.php,"Northwich, Cheshire, England",01606 47523
Butcher & Barlow LLP,http://www.search4solicitors.com/butcher-barlow-llp-1628308.php,"Leigh, Greater Manchester, England",01942 674144
Butcher & Barlow LLP,http://www.search4solicitors.com/butcher-barlow-llp-1592487.php,"Bury, Greater Manchester, England",0161 764 4062
Butcher Andrews,http://www.search4solicitors.com/butcher-andrews-1403538.php,"Fakenham, Norfolk, England",01328 863131
BWT Law LLP,http://www.search4solicitors.com/bwt-law-llp-1607060.php,"Epsom, Surrey, England",01372 725655
C C Bell & Son,http://www.search4solicitors.com/c-c-bell-son-1465056.php,"Bedford, Bedfordshire, England",01234 363251
C E P Colombotti,http://www.search4solicitors.com/c-e-p-colombotti-1656631.php,"London, England",020 7569 1054
C H Hausmann & Co,http://www.search4solicitors.com/c-h-hausmann-co-1472342.php,"London, England",020 7436 6333
C L Clemo & Co,http://www.search4solicitors.com/c-l-clemo-co-1469895.php,"London, England",020 8944 1017
C Roberts,http://www.search4solicitors.com/c-roberts-1471136.php,"Harrow, Middlesex, England",020 8864 9929
Canter Levin & Berg,http://www.search4solicitors.com/canter-levin-berg-1551696.php,"Kirkby, Merseyside, England",0151 292 8181
Canter Levin & Berg,http://www.search4solicitors.com/canter-levin-berg-1570980.php,"Liverpool, Merseyside, England",0151 239 1000
Carrington & Associates,http://www.search4solicitors.com/carrington-associates-1554954.php,"London, England",020 7822 1855
Carter-Ruck,http://www.search4solicitors.com/carterruck-1403579.php,"London, England",020 7353 5005
Cartmell Shepherd,http://www.search4solicitors.com/cartmell-shepherd-1649480.php,"Penrith, Cumbria, England",01768 862326
Cartmell Shepherd,http://www.search4solicitors.com/cartmell-shepherd-1411873.php,"Carlisle, Cumbria, England",01228 516666
Cartwright Cunningham Haselgrove & Co,http://www.search4solicitors.com/cartwright-cunningham-haselgrove-co-1508820.php,"Woodford Green, Essex, England",020 8506 5200
Cartwright Cunningham Haselgrove & Co,http://www.search4solicitors.com/cartwright-cunningham-haselgrove-co-1508822.php,"London, England",020 8520 1021
Cathcarts,http://www.search4solicitors.com/cathcarts-1592508.php,"Uxbridge, Middlesex, England",01895 631942
Chadwick Lawrence LLP,http://www.search4solicitors.com/chadwick-lawrence-llp-1421311.php,"Wakefield, West Yorkshire, England",01924 379078
Charles Crookes & Jones,http://www.search4solicitors.com/charles-crookes-jones-1467162.php,"Caerphilly, Wales",029 2086 0292
Charles Crookes Limited,http://www.search4solicitors.com/charles-crookes-limited-1552025.php,"Cardiff, Wales",029 2049 1271
Charles Russell Speechlys LLP,http://www.search4solicitors.com/charles-russell-speechlys-llp-1565426.php,"Guildford, Surrey, England",01483 252525
Charles Russell Speechlys LLP,http://www.search4solicitors.com/charles-russell-speechlys-llp-1405992.php,"Cheltenham, Gloucestershire, England",01242 221122
Charles Russell Speechlys LLP,http://www.search4solicitors.com/charles-russell-speechlys-llp-1465251.php,"London, England",020 7203 5000
Charsley Harrison LLP,http://www.search4solicitors.com/charsley-harrison-llp-1508839.php,"Windsor, Windsor & Maidenhead, England",01753 851591
Chattertons Solicitors,http://www.search4solicitors.com/chattertons-solicitors-1573051.php,"Boston, Lincolnshire, England",01205 310025
Chattertons Solicitors,http://www.search4solicitors.com/chattertons-solicitors-1420850.php,"Boston, Lincolnshire, England",01205 351114
Chattertons Solicitors,http://www.search4solicitors.com/chattertons-solicitors-1571551.php,"Stamford, Lincolnshire, England",01780 764145
Chattertons Solicitors,http://www.search4solicitors.com/chattertons-solicitors-1581989.php,"Horncastle, Lincolnshire, England",01507 522456
Chattertons-McKinnells Solicitors,http://www.search4solicitors.com/chattertonsmckinnells-solicitors-1405298.php,"Lincoln, Lincolnshire, England",01522 541181
Chauncy & Co,http://www.search4solicitors.com/chauncy-co-1656705.php,"London, England",020 7929 0330
Chetty & Patel,http://www.search4solicitors.com/chetty-patel-1508845.php,"Leicester, England",0116 254 6222
Christopher Davidson Solicitors LLP,http://www.search4solicitors.com/christopher-davidson-solicitors-llp-1423297.php,"Cheltenham, Gloucestershire, England",01242 581481
Clarke Willmott LLP,http://www.search4solicitors.com/clarke-willmott-llp-1414036.php,"Taunton, Somerset, England",0845 209 1000
Clarke Willmott LLP,http://www.search4solicitors.com/clarke-willmott-llp-1571194.php,"Southampton, England",0845 209 1000
Clarke Willmott LLP,http://www.search4solicitors.com/clarke-willmott-llp-1698731.php,"London, England",0845 209 1000
Clarke Willmott LLP,http://www.search4solicitors.com/clarke-willmott-llp-1510749.php,"Bristol, England",0845 209 1000
Clarke Willmott LLP,http://www.search4solicitors.com/clarke-willmott-llp-1553409.php,"Birmingham, West Midlands, England",0845 209 1000
Clarkson Hirst,http://www.search4solicitors.com/clarkson-hirst-1468493.php,"Lancaster, Lancashire, England",01524 39760
Clarkson Wright & Jakes Ltd,http://www.search4solicitors.com/clarkson-wright-jakes-ltd-1420269.php,"Orpington, Kent, England",01689 887887
Claudio Del Giudice,http://www.search4solicitors.com/claudio-del-giudice-1424167.php,"London, England",020 7517 6080
Clifford Chance,http://www.search4solicitors.com/clifford-chance-1403661.php,"London, England",020 7006 1000
Clifford Harris & Co,http://www.search4solicitors.com/clifford-harris-co-1571366.php,"London, England",020 7486 0031
Clive Walker,http://www.search4solicitors.com/clive-walker-1583885.php,"Leeds, West Yorkshire, England",0113 268 4660
CMG Cunningham Dickey,http://www.search4solicitors.com/cmg-cunningham-dickey-1566616.php,"Belfast, Northern Ireland",028 9024 5896
CMS Cameron McKenna Nabarro Olswang LLP,http://www.search4solicitors.com/cms-cameron-mckenna-nabarro-olswang-llp-1405285.php,"London, England",020 7367 3000
Coffin Mew LLP,http://www.search4solicitors.com/coffin-mew-llp-1466254.php,"Southampton, England",023 8033 4661
Coffin Mew LLP,http://www.search4solicitors.com/coffin-mew-llp-1467013.php,"Newbury, West Berkshire, England",01635 521212
Coffin Mew LLP,http://www.search4solicitors.com/coffin-mew-llp-1469267.php,"Portsmouth, England",023 9238 8021
Colemans,http://www.search4solicitors.com/colemans-1411929.php,"Haywards Heath, West Sussex, England",01444 459555
Commercial and Business Lawyers Limited,http://www.search4solicitors.com/commercial-and-business-lawyers-limited-1414993.php,"Stockport, Greater Manchester, England",0333 123 4344
Coodes,http://www.search4solicitors.com/coodes-1627163.php,"Launceston, Cornwall, England",01566 770000
Coole Bevis LLP,http://www.search4solicitors.com/coole-bevis-llp-1585423.php,"Horsham, West Sussex, England",01403 210200
Cooper Sons Hartley & Williams,http://www.search4solicitors.com/cooper-sons-hartley-williams-1637328.php,"Chapel-en-le-Frith, Derbyshire, England",01298 812138
Crookeslaw Solicitors,http://www.search4solicitors.com/crookeslaw-solicitors-1656790.php,"Wadhurst, East Sussex, England",01580 754884
Cross Solicitors,http://www.search4solicitors.com/cross-solicitors-1413300.php,"Connah's Quay, Flintshire, Wales",01244 822101
Crowell & Moring,http://www.search4solicitors.com/crowell-moring-1584305.php,"London, England",020 7413 0011
CVC Solicitors,http://www.search4solicitors.com/cvc-solicitors-1466229.php,"St Ives, Cornwall, England",01736 795456
Cyril Jones & Co,http://www.search4solicitors.com/cyril-jones-co-1412424.php,"Shotton, Flintshire, Wales",01244 819038
DAC Beachcroft LLP,http://www.search4solicitors.com/dac-beachcroft-llp-1408686.php,"Newport, Wales",0844 980 0400
DAC Beachcroft LLP,http://www.search4solicitors.com/dac-beachcroft-llp-1406534.php,"Manchester, Greater Manchester, England",0161 934 3000
Dass Solicitors,http://www.search4solicitors.com/dass-solicitors-1551462.php,"Birmingham, West Midlands, England",0121 248 4000
David Goodman & Co,http://www.search4solicitors.com/david-goodman-co-1424661.php,"London, England",020 7323 3369
Davies Battersby Ltd,http://www.search4solicitors.com/davies-battersby-ltd-1415076.php,"London, England",020 7621 1090
Davies Parsons Allchurch,http://www.search4solicitors.com/davies-parsons-allchurch-1410687.php,"Llanelli, Carmarthenshire, Wales",01554 749144
Davisons,http://www.search4solicitors.com/davisons-1510427.php,"Birmingham, West Midlands, England",0121 685 1248
Davisons,http://www.search4solicitors.com/davisons-1650297.php,"Birmingham, West Midlands, England",0121 685 1255
Dawson & Burgess,http://www.search4solicitors.com/dawson-burgess-1510755.php,"Doncaster, South Yorkshire, England",01302 834744
Dechert LLP,http://www.search4solicitors.com/dechert-llp-1467620.php,"London, England",020 7184 7000
Dentons UKMEA LLP,http://www.search4solicitors.com/dentons-ukmea-llp-1404489.php,"London, England",020 7242 1212
Desmond J Doherty & Co,http://www.search4solicitors.com/desmond-j-doherty-co-1651391.php,"Londonderry, Co Londonderry, Northern Ireland",028 7128 8870
Directus,http://www.search4solicitors.com/directus-1919744.php,"Twickenham, Middlesex, England",020 8891 2910
Dixon & Templeton LLP,http://www.search4solicitors.com/dixon-templeton-llp-1656323.php,"Fordingbridge, Hampshire, England",01425 652194
Dixon Stewart Solicitors,http://www.search4solicitors.com/dixon-stewart-solicitors-1420478.php,"Highcliffe, Dorset, England",01425 279222
DLA Piper UK LLP,http://www.search4solicitors.com/dla-piper-uk-llp-1555116.php,"Manchester, Greater Manchester, England",0870 011 1111
DLA Piper UK LLP,http://www.search4solicitors.com/dla-piper-uk-llp-1467173.php,"Birmingham, West Midlands, England",0870 011 1111
DLA Piper UK LLP,http://www.search4solicitors.com/dla-piper-uk-llp-1467312.php,"London, England",0870 011 1111
DMB Law,http://www.search4solicitors.com/dmb-law-1512272.php,"Sevenoaks, Kent, England",01732 228800
Donald Race & Newton,http://www.search4solicitors.com/donald-race-newton-1421953.php,"Burnley, Lancashire, England",01282 433241
Downs Solicitors LLP,http://www.search4solicitors.com/downs-solicitors-llp-1421028.php,"Dorking, Surrey, England",01306 880110
Dr Linda S Spedding,http://www.search4solicitors.com/dr-linda-s-spedding-1512019.php,"London, England",020 7610 2025
Druces LLP,http://www.search4solicitors.com/druces-llp-1574129.php,"London, England",020 7638 9271
Duane Morris LLP,http://www.search4solicitors.com/duane-morris-llp-1511668.php,"London, England",020 7786 2100
Dutton Gregory LLP,http://www.search4solicitors.com/dutton-gregory-llp-1570857.php,"Southampton, England",023 8022 1344
DWF LLP,http://www.search4solicitors.com/dwf-llp-1404125.php,"London, England",020 7280 8888
DWFM Beckman,http://www.search4solicitors.com/dwfm-beckman-1413531.php,"London, England",020 7408 8888
E J C Album Solicitors,http://www.search4solicitors.com/e-j-c-album-solicitors-1628057.php,"London, England",020 7971 5667
Edward Hayes LLP,http://www.search4solicitors.com/edward-hayes-llp-1576185.php,"London, England",020 7353 0011
Edward Hayes LLP,http://www.search4solicitors.com/edward-hayes-llp-1789943.php,"Littlehampton, West Sussex, England",01903 759024
Edward Hayes LLP,http://www.search4solicitors.com/edward-hayes-llp-1789944.php,"Havant, Hampshire, England",023 9247 9872
Edward Hayes LLP,http://www.search4solicitors.com/edward-hayes-llp-1583302.php,"Chichester, West Sussex, England",01243 781431
Edwin Coe LLP,http://www.search4solicitors.com/edwin-coe-llp-1403689.php,"London, England",020 7691 4000
Elborne Mitchell LLP,http://www.search4solicitors.com/elborne-mitchell-llp-1411161.php,"London, England",020 7320 9000
Ellen Windsor,http://www.search4solicitors.com/ellen-windsor-1512323.php,"Coventry, West Midlands, England",024 7641 4984
Elliot Mather LLP,http://www.search4solicitors.com/elliot-mather-llp-1608668.php,"Mansfield, Nottinghamshire, England",01623 655666
Elliot Mather LLP,http://www.search4solicitors.com/elliot-mather-llp-1593106.php,"Chesterfield, Derbyshire, England",01246 231288
Ellum LLP,http://www.search4solicitors.com/ellum-llp-1471113.php,"London, England",07768 820165
England Kerr Hands & Co,http://www.search4solicitors.com/england-kerr-hands-co-1510821.php,"Birmingham, West Midlands, England",0121 427 9898
Eracleous & Mckenna LLP,http://www.search4solicitors.com/eracleous-mckenna-llp-1424204.php,"London, England",020 8450 0737
Eric Robinson Solicitors,http://www.search4solicitors.com/eric-robinson-solicitors-1616699.php,"Chandlers Ford, Hampshire, England",023 8025 4676
Eton Law Solicitors,http://www.search4solicitors.com/eton-law-solicitors-1585459.php,"Luton, England",01582 726900
Eversheds Sutherland,http://www.search4solicitors.com/eversheds-sutherland-1466830.php,"Newcastle upon Tyne, Tyne & Wear, England",+44 20 7919 4500
Eversheds Sutherland,http://www.search4solicitors.com/eversheds-sutherland-1553404.php,"Ipswich, Suffolk, England",+44 20 7919 4500
Eversheds Sutherland,http://www.search4solicitors.com/eversheds-sutherland-1509040.php,"Birmingham, West Midlands, England",+44 20 7919 4500
Eversheds Sutherland,http://www.search4solicitors.com/eversheds-sutherland-1552564.php,"London, England",+44 20 7919 4500
Faegre Baker Daniels LLP,http://www.search4solicitors.com/faegre-baker-daniels-llp-1572397.php,"London, England",020 7450 4500
Fahm & Co,http://www.search4solicitors.com/fahm-co-1574054.php,"Blackwood, Caerphilly, Wales",01495 224973
Farani Javid Taylor Solicitors LLP,http://www.search4solicitors.com/farani-javid-taylor-solicitors-llp-1765765.php,"London, England",020 7242 1666
Farnfields Solicitors,http://www.search4solicitors.com/farnfields-solicitors-1422522.php,"Shaftesbury, Dorset, England",01747 854244
Farnfields Solicitors,http://www.search4solicitors.com/farnfields-solicitors-1509049.php,"Gillingham, Dorset, England",01747 825432
Farringdons,http://www.search4solicitors.com/farringdons-1557526.php,"London, England",020 7242 0949
FBC Manby Bowdler LLP,http://www.search4solicitors.com/fbc-manby-bowdler-llp-1420236.php,"Wolverhampton, West Midlands, England",01902 578000
FBC Manby Bowdler LLP,http://www.search4solicitors.com/fbc-manby-bowdler-llp-1572286.php,"Wolverhampton, West Midlands, England",01902 578000
Fenwick Elliott LLP,http://www.search4solicitors.com/fenwick-elliott-llp-1411494.php,"London, England",020 7421 1986
Field Seymour Parkes LLP,http://www.search4solicitors.com/field-seymour-parkes-llp-1636290.php,"Reading, England",0118 951 6200
Fieldfisher,http://www.search4solicitors.com/fieldfisher-1409788.php,"London, England",020 7861 4000
Finn Gledhill,http://www.search4solicitors.com/finn-gledhill-1585670.php,"Halifax, West Yorkshire, England",01422 330000
Fitzhugh Gates,http://www.search4solicitors.com/fitzhugh-gates-1412159.php,"Shoreham-by-Sea, West Sussex, England",01273 461381
Fladgate LLP,http://www.search4solicitors.com/fladgate-llp-1465122.php,"London, England",020 3036 7000
Flint Bishop Solicitors,http://www.search4solicitors.com/flint-bishop-solicitors-1552499.php,"Ashbourne, Derbyshire, England",01335 342208
Forbes,http://www.search4solicitors.com/forbes-1565148.php,"Preston, Lancashire, England",01772 220022
Forbes Hall LLP,http://www.search4solicitors.com/forbes-hall-llp-1650324.php,"Woodford Green, Essex, England",020 8498 0080
Ford Banks Irwin,http://www.search4solicitors.com/ford-banks-irwin-1574395.php,"Stretford, Greater Manchester, England",0161 866 8999
Forshaws Davies Ridgway LLP,http://www.search4solicitors.com/forshaws-davies-ridgway-llp-1578160.php,"Warrington, England",01925 230000
Fosters,http://www.search4solicitors.com/fosters-1469061.php,"Bungay, Suffolk, England",01603 620508
Fox Williams LLP,http://www.search4solicitors.com/fox-williams-llp-1584830.php,"London, England",020 7628 2000
Foys Solicitors,http://www.search4solicitors.com/foys-solicitors-1421144.php,"Doncaster, South Yorkshire, England",01302 327136
Freer & Archer,http://www.search4solicitors.com/freer-archer-1468082.php,"Leicester, England",0116 241 3199
Freers,http://www.search4solicitors.com/freers-1421158.php,"Middlesbrough, England",01642 244666
Freshfields Bruckhaus Deringer LLP,http://www.search4solicitors.com/freshfields-bruckhaus-deringer-llp-1404207.php,"London, England",020 7936 4000
Furley Page LLP,http://www.search4solicitors.com/furley-page-llp-1571257.php,"Canterbury, Kent, England",01227 763939
Gabb & Co,http://www.search4solicitors.com/gabb-co-1625917.php,"Crickhowell, Powys, Wales",01873 810629
Gabb & Co,http://www.search4solicitors.com/gabb-co-1421165.php,"Abergavenny, Monmouthshire, Wales",01873 853545
Gabbs Solicitors Ltd,http://www.search4solicitors.com/gabbs-solicitors-ltd-1466009.php,"Leominster, Herefordshire, England",01568 616333
Gabbs Solicitors Ltd,http://www.search4solicitors.com/gabbs-solicitors-ltd-1565167.php,"Hereford, Herefordshire, England",01432 353481
Gamlins Solicitors LLP,http://www.search4solicitors.com/gamlins-solicitors-llp-1552939.php,"Conwy, Wales",01492 593201
Gammon Bell & Co,http://www.search4solicitors.com/gammon-bell-co-1554968.php,"Eastleigh, Hampshire, England",023 8062 9009
Gangar & Co,http://www.search4solicitors.com/gangar-co-1572910.php,"West Bromwich, West Midlands, England",0121 553 4166
Gardner Leader LLP,http://www.search4solicitors.com/gardner-leader-llp-1466548.php,"Thatcham, West Berkshire, England",01635 508080
Gateley Plc,http://www.search4solicitors.com/gateley-plc-1571270.php,"Birmingham, West Midlands, England",0121 234 0000
Geldards LLP,http://www.search4solicitors.com/geldards-llp-1609763.php,"Nottingham, England",0115 983 3650
Geldards LLP,http://www.search4solicitors.com/geldards-llp-1509730.php,"Ilkeston, Derbyshire, England",0115 932 4101
Geldards LLP,http://www.search4solicitors.com/geldards-llp-1633820.php,"Cardiff, Wales",029 2023 8239
GHP Legal,http://www.search4solicitors.com/ghp-legal-1649758.php,"Llangollen, Denbighshire, Wales",01978 860313
GHP Legal,http://www.search4solicitors.com/ghp-legal-1635551.php,"Wrexham, Wales",01978 291456
Giffen Couch & Archer LLP,http://www.search4solicitors.com/giffen-couch-archer-llp-1466566.php,"Leighton Buzzard, Bedfordshire, England",01525 372681
Glanvilles LLP,http://www.search4solicitors.com/glanvilles-llp-1510408.php,"Newport, Isle of Wight, England",01983 527878
GLRS Phoenix LLP,http://www.search4solicitors.com/glrs-phoenix-llp-1466584.php,"Dursley, Gloucestershire, England",01453 547221
Gordon Shine & Co,http://www.search4solicitors.com/gordon-shine-co-1413225.php,"London, England",020 8969 7033
Gordons,http://www.search4solicitors.com/gordons-1511156.php,"London, England",020 7421 9421
Gordons LLP,http://www.search4solicitors.com/gordons-llp-1406878.php,"Bradford, West Yorkshire, England",01274 202202
Gosschalks,http://www.search4solicitors.com/gosschalks-1421216.php,"Hull, Kingston upon Hull, England",01482 324252
Gowling WLG (UK) LLP,http://www.search4solicitors.com/gowling-wlg-uk-llp-1553383.php,"Birmingham, West Midlands, England",0370 903 1000
Gowling WLG (UK) LLP,http://www.search4solicitors.com/gowling-wlg-uk-llp-1421796.php,"London, England",0370 903 1000
Greathead & Whitelock,http://www.search4solicitors.com/greathead-whitelock-1466624.php,"Pembroke, Pembrokeshire, Wales",01646 683438
Greene & Greene,http://www.search4solicitors.com/greene-greene-1404381.php,"Bury St Edmunds, Suffolk, England",01284 762211
Greenwood & Co,http://www.search4solicitors.com/greenwood-co-1609076.php,"London, England",020 7831 8386
Greenwoods Solicitors LLP,http://www.search4solicitors.com/greenwoods-solicitors-llp-1609080.php,"Peterborough, England",01733 887700
Gregsons,http://www.search4solicitors.com/gregsons-1592802.php,"London, England",020 8946 1173
Grindeys LLP,http://www.search4solicitors.com/grindeys-llp-1510134.php,"Stoke-on-Trent, England",01782 846441
GRM Law (Gregory Rowcliffe Milners),http://www.search4solicitors.com/grm-law-gregory-rowcliffe-milners-1509746.php,"London, England",020 7242 0631
GSC Solicitors LLP,http://www.search4solicitors.com/gsc-solicitors-llp-1614865.php,"London, England",020 7822 2222
Guthrie Jones & Jones,http://www.search4solicitors.com/guthrie-jones-jones-1616285.php,"Bala, Gwynedd, Wales",01678 520428
Hallmarkhulme LLP,http://www.search4solicitors.com/hallmarkhulme-llp-1403766.php,"Worcester, Worcestershire, England",01905 726600
Hameed & Co,http://www.search4solicitors.com/hameed-co-1469512.php,"Wembley, Middlesex, England",020 8904 4900
Hammond Bale LLP,http://www.search4solicitors.com/hammond-bale-llp-1413662.php,"London, England",020 7499 7624
Hansells,http://www.search4solicitors.com/hansells-1466675.php,"North Walsham, Norfolk, England",01692 404351
Harbottle & Lewis LLP,http://www.search4solicitors.com/harbottle-lewis-llp-1624610.php,"London, England",020 7667 5000
Hardmans,http://www.search4solicitors.com/hardmans-1571382.php,"Deal, Kent, England",0836 760 010
Hargreaves,http://www.search4solicitors.com/hargreaves-1469375.php,"Barking, Essex, England",020 8594 2473
Harish C Bouri,http://www.search4solicitors.com/harish-c-bouri-1510722.php,"Newcastle upon Tyne, Tyne & Wear, England",0191 281 4860
Harold Bell & Co,http://www.search4solicitors.com/harold-bell-co-1615935.php,"Epsom, Surrey, England",020 8393 0231
Harrison Clark Rickerbys,http://www.search4solicitors.com/harrison-clark-rickerbys-1420788.php,"Ross-on-Wye, Herefordshire, England",01989 562377
Hart Brown Solicitors,http://www.search4solicitors.com/hart-brown-solicitors-1404535.php,"Godalming, Surrey, England",01483 887766
Hart Brown Solicitors,http://www.search4solicitors.com/hart-brown-solicitors-1609319.php,"Cranleigh, Surrey, England",01483 887515
Hart Brown Solicitors,http://www.search4solicitors.com/hart-brown-solicitors-1648338.php,"Cobham, Surrey, England",01932 576789
Hart Brown Solicitors,http://www.search4solicitors.com/hart-brown-solicitors-1572395.php,"Guildford, Surrey, England",01483 887766
Hart Brown Solicitors,http://www.search4solicitors.com/hart-brown-solicitors-1633706.php,"Woking, Surrey, England",01483 887766
Hartwig Notary Chambers,http://www.search4solicitors.com/hartwig-notary-chambers-1421314.php,"Croydon, Surrey, England",020 8681 2893
Harvey Copping & Harrison LLP,http://www.search4solicitors.com/harvey-copping-harrison-llp-1422437.php,"South Woodham Ferrers, Essex, England",01245 322956
Hatton Solicitors,http://www.search4solicitors.com/hatton-solicitors-1594502.php,"Daventry, Northamptonshire, England",01327 301201
Hawley & Rodgers,http://www.search4solicitors.com/hawley-rodgers-1409874.php,"Loughborough, Leicestershire, England",01509 230333
Hay & Kilner,http://www.search4solicitors.com/hay-kilner-1412278.php,"Newcastle upon Tyne, Tyne & Wear, England",0191 232 8345
Hayes & Storr,http://www.search4solicitors.com/hayes-storr-1552459.php,"Fakenham, Norfolk, England",01328 863231
HCB Park Woodfine,http://www.search4solicitors.com/hcb-park-woodfine-1510459.php,"Bedford, Bedfordshire, England",01234 400000
HCB Solicitors,http://www.search4solicitors.com/hcb-solicitors-1422856.php,"Solihull, West Midlands, England",0121 705 2255
HCB Widdows Mason,http://www.search4solicitors.com/hcb-widdows-mason-1648209.php,"Westhoughton, Greater Manchester, England",01942 816515
Headleys,http://www.search4solicitors.com/headleys-1466733.php,"Hinckley, Leicestershire, England",01455 637815
Healys LLP,http://www.search4solicitors.com/healys-llp-1582143.php,"Brighton, Brighton & Hove, England",01273 685888
Henriques Griffiths,http://www.search4solicitors.com/henriques-griffiths-1407933.php,"Winterbourne, South Gloucestershire, England",01454 854000
Herbert Smith Freehills LLP,http://www.search4solicitors.com/herbert-smith-freehills-llp-1558662.php,"London, England",020 7374 8000
Heringtons,http://www.search4solicitors.com/heringtons-1467333.php,"Eastbourne, East Sussex, England",01424 812440
Herrington & Carmichael LLP,http://www.search4solicitors.com/herrington-carmichael-llp-1404624.php,"Camberley, Surrey, England",01276 686222
Hetts,http://www.search4solicitors.com/hetts-1466753.php,"Scunthorpe, North Lincolnshire, England",01724 843287
Hewitsons LLP,http://www.search4solicitors.com/hewitsons-llp-1508686.php,"Northampton, Northamptonshire, England",01604 233233
Hewitsons LLP,http://www.search4solicitors.com/hewitsons-llp-1565442.php,"Cambridge, Cambridgeshire, England",01223 461155
Hextalls Ltd,http://www.search4solicitors.com/hextalls-ltd-1407449.php,"London, England",020 7382 0700
Hibberts LLP,http://www.search4solicitors.com/hibberts-llp-1635529.php,"Crewe, Cheshire, England",01270 215117
Hill & Abbott Limited,http://www.search4solicitors.com/hill-abbott-limited-1616345.php,"Chelmsford, Essex, England",01245 258892
Hill Dickinson LLP,http://www.search4solicitors.com/hill-dickinson-llp-1558743.php,"Manchester, Greater Manchester, England",0161 817 7200
Hill Dickinson LLP,http://www.search4solicitors.com/hill-dickinson-llp-1445911.php,"London, England",020 7283 9033
Hill Dickinson LLP,http://www.search4solicitors.com/hill-dickinson-llp-1445810.php,"Liverpool, Merseyside, England",0151 600 8000
Hindle Campbell,http://www.search4solicitors.com/hindle-campbell-1606314.php,"North Shields, Tyne & Wear, England",0191 296 1777
hlw Keeble Hawson LLP,http://www.search4solicitors.com/hlw-keeble-hawson-llp-1411271.php,"Leeds, West Yorkshire, England",0113 244 3121
Hodders Law,http://www.search4solicitors.com/hodders-law-1592902.php,"London, England",0844 225 0004
Hogan Lovells International LLP,http://www.search4solicitors.com/hogan-lovells-international-llp-1473022.php,"London, England",020 7296 2000
Holman Fenwick Willan,http://www.search4solicitors.com/holman-fenwick-willan-1404700.php,"London, England",020 7264 8000
Horwich Farrelly,http://www.search4solicitors.com/horwich-farrelly-1583324.php,"Manchester, Greater Manchester, England",0161 834 3585
Houghton Pigot & Co,http://www.search4solicitors.com/houghton-pigot-co-1650730.php,"Ashton-in-Makerfield, Greater Manchester, England",01942 270757
Howard Kennedy LLP,http://www.search4solicitors.com/howard-kennedy-llp-1410531.php,"London, England",020 3755 6000
howell jones solicitors,http://www.search4solicitors.com/howell-jones-solicitors-1592645.php,"Walton-on-Thames, Surrey, England",01932 234500
howell jones solicitors,http://www.search4solicitors.com/howell-jones-solicitors-1509892.php,"Cheam, Surrey, England",020 8939 7300
howell jones solicitors,http://www.search4solicitors.com/howell-jones-solicitors-1421423.php,"Kingston upon Thames, Surrey, England",020 8549 5186
Howells Williams,http://www.search4solicitors.com/howells-williams-1468506.php,"Telford, Shropshire, England",01952 582631
Howes Percival LLP,http://www.search4solicitors.com/howes-percival-llp-1410639.php,"Norwich, Norfolk, England",01603 762103
Howes Percival LLP,http://www.search4solicitors.com/howes-percival-llp-1468973.php,"Milton Keynes, England",01908 672682
Howes Percival LLP,http://www.search4solicitors.com/howes-percival-llp-1471374.php,"Leicester, England",0116 247 3500
Howes Percival LLP,http://www.search4solicitors.com/howes-percival-llp-1565482.php,"Northampton, Northamptonshire, England",01604 230400
Hudson & Co,http://www.search4solicitors.com/hudson-co-1511044.php,"London, England",020 7831 3282
Hugh James,http://www.search4solicitors.com/hugh-james-1407015.php,"Cardiff, Wales",029 2022 4871
Humphreys & Co,http://www.search4solicitors.com/humphreys-co-1510734.php,"Bristol, England",0117 929 2662
Humphries Kirk LLP,http://www.search4solicitors.com/humphries-kirk-llp-1651719.php,"Poole, England",01202 725400
Humphries Kirk LLP,http://www.search4solicitors.com/humphries-kirk-llp-1593270.php,"Dorchester, Dorset, England",01305 251007
Humphries Kirk LLP,http://www.search4solicitors.com/humphries-kirk-llp-1467320.php,"Crewkerne, Somerset, England",01460 279100
Hunt & Hunt,http://www.search4solicitors.com/hunt-hunt-1404771.php,"Romford, Essex, England",01708 764433
Hutchinson Thomas,http://www.search4solicitors.com/hutchinson-thomas-1410234.php,"Neath, Neath Port Talbot, Wales",01639 645061
Iain Nicholson & Co,http://www.search4solicitors.com/iain-nicholson-co-1635716.php,"Ponteland, Northumberland, England",01661 823863
Infields,http://www.search4solicitors.com/infields-1635560.php,"Kingston upon Thames, Surrey, England",020 8977 1149
Ingram Winter Green LLP,http://www.search4solicitors.com/ingram-winter-green-llp-1628159.php,"London, England",020 7845 7400
Irvings,http://www.search4solicitors.com/irvings-1410665.php,"Harrow, Middlesex, England",020 8427 6600
Irwin Mitchell LLP,http://www.search4solicitors.com/irwin-mitchell-llp-1408264.php,"London, England",020 7404 3600
Irwin Mitchell LLP,http://www.search4solicitors.com/irwin-mitchell-llp-1405794.php,"London, England",020 7399 0930
Irwin Mitchell LLP,http://www.search4solicitors.com/irwin-mitchell-llp-1406371.php,"Leeds, West Yorkshire, England",0113 234 3333
Irwin Mitchell LLP,http://www.search4solicitors.com/irwin-mitchell-llp-1625822.php,"Crawley, West Sussex, England",01293 742700
Irwin Mitchell LLP,http://www.search4solicitors.com/irwin-mitchell-llp-1410658.php,"Birmingham, West Midlands, England",0121 212 1828
Irwin Mitchell LLP,http://www.search4solicitors.com/irwin-mitchell-llp-1405381.php,"Sheffield, South Yorkshire, England",0114 276 7777
Ismail & Ghani,http://www.search4solicitors.com/ismail-ghani-1468985.php,"Bradford, West Yorkshire, England",01274 737546
J P Cave & Co,http://www.search4solicitors.com/j-p-cave-co-1582128.php,"Thame, Oxfordshire, England",01844 216208
Jackamans,http://www.search4solicitors.com/jackamans-1468088.php,"Felixstowe, Suffolk, England",01394 279636
Jackamans,http://www.search4solicitors.com/jackamans-1572062.php,"Ipswich, Suffolk, England",01473 255591
Jacklyn Dawson,http://www.search4solicitors.com/jacklyn-dawson-1592953.php,"Newport, Wales",01633 262952
Jackson Quinn,http://www.search4solicitors.com/jackson-quinn-1407542.php,"Nottingham, England",0115 948 7811
Jacobs & Reeves,http://www.search4solicitors.com/jacobs-reeves-1552550.php,"Poole, England",01202 674425
James Tsang & Co,http://www.search4solicitors.com/james-tsang-co-1573437.php,"London, England",020 7287 0451
Jeffrey Mills,http://www.search4solicitors.com/jeffrey-mills-1627745.php,"St Neots, Cambridgeshire, England",01480 475871
Jeffrey Mills,http://www.search4solicitors.com/jeffrey-mills-1594446.php,"St Ives, Cambridgeshire, England",01480 495616
Jeffrey Mills,http://www.search4solicitors.com/jeffrey-mills-1421734.php,"St Neots, Cambridgeshire, England",01480 475871 / 219699
Jennings Solicitors,http://www.search4solicitors.com/jennings-solicitors-1466856.php,"Llanelli, Carmarthenshire, Wales",01554 758884
Joelson,http://www.search4solicitors.com/joelson-1608961.php,"London, England",020 7580 5721
John Fahy & Co,http://www.search4solicitors.com/john-fahy-co-1556399.php,"Strabane, Co Tyrone, Northern Ireland",028 7138 2391
John Fowlers LLP,http://www.search4solicitors.com/john-fowlers-llp-1593203.php,"Colchester, Essex, England",01206 302694
John G Wood,http://www.search4solicitors.com/john-g-wood-1410816.php,"London, England",020 7580 2277
John Hodge Solicitors,http://www.search4solicitors.com/john-hodge-solicitors-1420253.php,"Weston-super-Mare, North Somerset, England",01934 410910
John Weston & Co,http://www.search4solicitors.com/john-weston-co-1410969.php,"Felixstowe, Suffolk, England",01473 659996
Johnson & Gaunt,http://www.search4solicitors.com/johnson-gaunt-1466870.php,"Banbury, Oxfordshire, England",01295 759400
Jones & Co,http://www.search4solicitors.com/jones-co-1466772.php,"New Ollerton, Nottinghamshire, England",01623 860581
Jones Day,http://www.search4solicitors.com/jones-day-1404352.php,"London, England",020 7039 5959
Jordans,http://www.search4solicitors.com/jordans-1608313.php,"Dewsbury, West Yorkshire, England",01924 457171
Josiah Hincks,http://www.search4solicitors.com/josiah-hincks-1466768.php,"Leicester, England",0116 255 1811
JPC Law,http://www.search4solicitors.com/jpc-law-1419715.php,"London, England",020 7625 4424
Judge Sykes Frixou,http://www.search4solicitors.com/judge-sykes-frixou-1647349.php,"London, England",020 7379 5114
K&L Gates LLP,http://www.search4solicitors.com/kl-gates-llp-1412649.php,"London, England",020 7648 9000
Kenneth Bush,http://www.search4solicitors.com/kenneth-bush-1635273.php,"King's Lynn, Norfolk, England",01553 692233
Kenneth Elliott & Rowe,http://www.search4solicitors.com/kenneth-elliott-rowe-1420113.php,"Romford, Essex, England",01708 757575
Keogh Caisley,http://www.search4solicitors.com/keogh-caisley-1414731.php,"Tunbridge Wells, Kent, England",01892 548411
Keppe Rofer,http://www.search4solicitors.com/keppe-rofer-1423588.php,"Brecon, Powys, Wales",01874 624627
Kevin Bodley,http://www.search4solicitors.com/kevin-bodley-1657643.php,"Holsworthy, Devon, England",01409 221460
Kidd Rapinet,http://www.search4solicitors.com/kidd-rapinet-1551578.php,"Slough, England",01753 532541
Kidd Rapinet,http://www.search4solicitors.com/kidd-rapinet-1421988.php,"Aylesbury, Buckinghamshire, England",01296 432541
Kidd Rapinet,http://www.search4solicitors.com/kidd-rapinet-1404944.php,"London, England",020 7205 2115
King & Co,http://www.search4solicitors.com/king-co-1421544.php,"Cambridge, Cambridgeshire, England",01223 365432
King & Gowdy,http://www.search4solicitors.com/king-gowdy-1607570.php,"Belfast, Northern Ireland",028 9065 9511
Kingsfords Solicitors LLP,http://www.search4solicitors.com/kingsfords-solicitors-llp-1616442.php,"Ashford, Kent, England",01233 665544
Kingsfords Solicitors LLP,http://www.search4solicitors.com/kingsfords-solicitors-llp-1554642.php,"Ashford, Kent, England",01233 624545
Kirkland & Lane LLP,http://www.search4solicitors.com/kirkland-lane-llp-1552621.php,"Southwell, Nottinghamshire, England",01636 813128
Knights Solicitors LLP,http://www.search4solicitors.com/knights-solicitors-llp-1712755.php,"Cheltenham, Gloucestershire, England",01242 524848
Knights Solicitors LLP,http://www.search4solicitors.com/knights-solicitors-llp-1569824.php,"Newcastle under Lyme, Staffordshire, England",01782 619225
Knights Solicitors LLP,http://www.search4solicitors.com/knights-solicitors-llp-1607957.php,"Oxford, Oxfordshire, England",01865 811700
Knights Solicitors LLP,http://www.search4solicitors.com/knights-solicitors-llp-1720032.php,"Chester, Cheshire, England",01244 896600
Knowles Benning LLP,http://www.search4solicitors.com/knowles-benning-llp-1551871.php,"Dunstable, Bedfordshire, England",01582 667711
Kris Sen Solicitors,http://www.search4solicitors.com/kris-sen-solicitors-1657666.php,"London, England",020 8769 7125
Kundert Solicitors LLP,http://www.search4solicitors.com/kundert-solicitors-llp-1510280.php,"Coventry, West Midlands, England",024 7668 4928
KWW Solicitors,http://www.search4solicitors.com/kww-solicitors-1627257.php,"East Molesey, Surrey, England",020 3199 4070
Laderman & Co,http://www.search4solicitors.com/laderman-co-1594122.php,"London, England",020 8530 7319
Lakshman Meewella,http://www.search4solicitors.com/lakshman-meewella-1468639.php,"London, England",020 7370 6595
Lamb Brooks LLP,http://www.search4solicitors.com/lamb-brooks-llp-1649445.php,"Basingstoke, Hampshire, England",01256 844888
Landau & Cohen,http://www.search4solicitors.com/landau-cohen-1407366.php,"Elstree, Hertfordshire, England",0845 331 2477
Latham & Watkins LLP,http://www.search4solicitors.com/latham-watkins-llp-1556778.php,"London, England",020 7710 1000
Law Hurst & Taylor,http://www.search4solicitors.com/law-hurst-taylor-1466954.php,"Westcliff-on-Sea, Southend-on-Sea, England",01702 337864
Lawrence & Co,http://www.search4solicitors.com/lawrence-co-1558511.php,"London, England",020 7266 4333
Laytons Solicitors LLP,http://www.search4solicitors.com/laytons-solicitors-llp-1609631.php,"Manchester, Greater Manchester, England",0161 214 1600
Laytons Solicitors LLP,http://www.search4solicitors.com/laytons-solicitors-llp-1406143.php,"London, England",020 7842 8000
LDJ Solicitors,http://www.search4solicitors.com/ldj-solicitors-1466898.php,"Hinckley, Leicestershire, England",01455 637030
LDJ Solicitors,http://www.search4solicitors.com/ldj-solicitors-1420334.php,"Nuneaton, Warwickshire, England",024 7674 5000
Leathes Prior,http://www.search4solicitors.com/leathes-prior-1466959.php,"Norwich, Norfolk, England",01603 610911
Lee & Kan,http://www.search4solicitors.com/lee-kan-1423738.php,"London, England",020 7287 8888
Lee Bolton Monier-Williams,http://www.search4solicitors.com/lee-bolton-monierwilliams-1634085.php,"London, England",020 7222 5381
Lennox Bywater,http://www.search4solicitors.com/lennox-bywater-1469612.php,"London, England",020 8906 1206
Leslie & Co,http://www.search4solicitors.com/leslie-co-1425713.php,"Hounslow, Middlesex, England",020 8577 5491
Leslie Harris Solicitors,http://www.search4solicitors.com/leslie-harris-solicitors-1585623.php,"Lytham, Lancashire, England",01253 724974
Lester Aldridge LLP,http://www.search4solicitors.com/lester-aldridge-llp-1420310.php,"London, England",020 7492 9800
Lester Aldridge LLP,http://www.search4solicitors.com/lester-aldridge-llp-1405114.php,"Bournemouth, England",01202 786161
Levi Solicitors LLP,http://www.search4solicitors.com/levi-solicitors-llp-1472619.php,"Leeds, West Yorkshire, England",0113 244 9931
Lewis Silkin LLP,http://www.search4solicitors.com/lewis-silkin-llp-1406127.php,"London, England",020 7074 8000
Lincoln-Lewis & Co,http://www.search4solicitors.com/lincolnlewis-co-1606581.php,"Birmingham, West Midlands, England",0121 454 7011
Lindops,http://www.search4solicitors.com/lindops-1555424.php,"Southend-on-Sea, England",01702 332363
Lita Gale,http://www.search4solicitors.com/lita-gale-1634319.php,"London, England",020 7404 2899
Locke Lord LLP,http://www.search4solicitors.com/locke-lord-llp-1412141.php,"London, England",020 7861 9000
Lockings,http://www.search4solicitors.com/lockings-1553616.php,"Hull, Kingston upon Hull, England",01482 300200
Lomax Lloyd-Jones & Co,http://www.search4solicitors.com/lomax-lloydjones-co-1421628.php,"London, England",020 7703 6461
Lovedays Solicitors,http://www.search4solicitors.com/lovedays-solicitors-1412517.php,"Matlock, Derbyshire, England",01629 583142 / 56660
Lupton Fawcett Denison Till,http://www.search4solicitors.com/lupton-fawcett-denison-till-1412015.php,"York, England",01904 611411
Lynne Steen Commercial Solicitor,http://www.search4solicitors.com/lynne-steen-commercial-solicitor-1471205.php,"Chorley, Lancashire, England",01257 452044
Lyons Solicitors,http://www.search4solicitors.com/lyons-solicitors-1554607.php,"Kingswood, South Gloucestershire, England",0117 967 5252
Lyons Solicitors,http://www.search4solicitors.com/lyons-solicitors-1582587.php,"Westbury-on-Trym, Bristol, England",0117 950 6506
Macfarlanes LLP,http://www.search4solicitors.com/macfarlanes-llp-1412529.php,"London, England",020 7831 9222
Mackrell Turner Garrett,http://www.search4solicitors.com/mackrell-turner-garrett-1650689.php,"Woking, Surrey, England",01483 755609
Mackrell Turner Garrett,http://www.search4solicitors.com/mackrell-turner-garrett-1582545.php,"Woking, Surrey, England",01483 476022
Mackrell Turner Garrett,http://www.search4solicitors.com/mackrell-turner-garrett-1649506.php,"London, England",020 7240 0521
Maclaren Warner,http://www.search4solicitors.com/maclaren-warner-1572924.php,"Stapleford, Nottinghamshire, England",0115 939 5252
Maitland Walker LLP,http://www.search4solicitors.com/maitland-walker-llp-1511810.php,"Minehead, Somerset, England",01643 707777
Mansouri & Son,http://www.search4solicitors.com/mansouri-son-1589995.php,"Croydon, Surrey, England",020 8401 7352
Maples Solicitors LLP,http://www.search4solicitors.com/maples-solicitors-llp-1571659.php,"Spalding, Lincolnshire, England",01775 722261
Marcus Baum,http://www.search4solicitors.com/marcus-baum-1568535.php,"Southend-on-Sea, England",01702 346677
Martin J Williams & Co,http://www.search4solicitors.com/martin-j-williams-co-1470162.php,"London, England",020 8875 9833
Martin Nossel & Co,http://www.search4solicitors.com/martin-nossel-co-1583855.php,"Basildon, Essex, England",01702 557866
Martin-Kaye LLP,http://www.search4solicitors.com/martinkaye-llp-1568946.php,"Telford, Shropshire, England",01952 272222
Mason Baggott & Garton,http://www.search4solicitors.com/mason-baggott-garton-1465634.php,"Brigg, North Lincolnshire, England",01652 654111
Mason Baggott & Garton,http://www.search4solicitors.com/mason-baggott-garton-1467062.php,"Epworth, North Lincolnshire, England",01427 872661
Maxwell Winward LLP,http://www.search4solicitors.com/maxwell-winward-llp-1405275.php,"London, England",020 7336 8888
Mayer Brown International LLP,http://www.search4solicitors.com/mayer-brown-international-llp-1553016.php,"London, England",020 3130 3000
Mayo Wynne Baxter LLP,http://www.search4solicitors.com/mayo-wynne-baxter-llp-1422450.php,"Lewes, East Sussex, England",01273 477071
Mayo Wynne Baxter LLP,http://www.search4solicitors.com/mayo-wynne-baxter-llp-1421795.php,"Brighton, Brighton & Hove, England",01273 775533
McCloy Legal,http://www.search4solicitors.com/mccloy-legal-1509506.php,"Bradford-on-Avon, Wiltshire, England",01225 866563
McCormicks,http://www.search4solicitors.com/mccormicks-1648313.php,"Harrogate, North Yorkshire, England",01423 530630
McDermott Will & Emery UK LLP,http://www.search4solicitors.com/mcdermott-will-emery-uk-llp-1595549.php,"London, England",020 7577 6900
McFaddens LLP,http://www.search4solicitors.com/mcfaddens-llp-1465771.php,"London, England",020 7588 9080
McGuireWoods London LLP,http://www.search4solicitors.com/mcguirewoods-london-llp-1565489.php,"London, England",020 7632 1600
MDY Legal,http://www.search4solicitors.com/mdy-legal-1628535.php,"London, England",020 3058 3160
Memery Crystal,http://www.search4solicitors.com/memery-crystal-1405338.php,"London, England",020 7242 5905
Mercers,http://www.search4solicitors.com/mercers-1552756.php,"Henley-on-Thames, Oxfordshire, England",01491 572138
Merrils Ede,http://www.search4solicitors.com/merrils-ede-1410366.php,"Cardiff, Wales",029 2037 1131
Metcalfe Copeman & Pettefar,http://www.search4solicitors.com/metcalfe-copeman-pettefar-1649562.php,"Thetford, Norfolk, England",01842 756100
Metcalfe Copeman & Pettefar,http://www.search4solicitors.com/metcalfe-copeman-pettefar-1627439.php,"Peterborough, England",01733 865880
Metcalfe Copeman & Pettefar,http://www.search4solicitors.com/metcalfe-copeman-pettefar-1635675.php,"King's Lynn, Norfolk, England",01553 778100
Metcalfe Copeman & Pettefar,http://www.search4solicitors.com/metcalfe-copeman-pettefar-1405342.php,"Wisbech, Cambridgeshire, England",01945 464331
Metcalfes,http://www.search4solicitors.com/metcalfes-1424660.php,"Bristol, England",0117 929 0451
mfg Solicitors LLP,http://www.search4solicitors.com/mfg-solicitors-llp-1593972.php,"Telford, Shropshire, England",01952 641651
mfg Solicitors LLP,http://www.search4solicitors.com/mfg-solicitors-llp-1412754.php,"Bromsgrove, Worcestershire, England",01527 831691
Michael Soul & Associates,http://www.search4solicitors.com/michael-soul-associates-1551402.php,"London, England",020 7353 3358
Mills & Co,http://www.search4solicitors.com/mills-co-1424044.php,"Newcastle upon Tyne, Tyne & Wear, England",0191 233 2222
Mills & Reeve,http://www.search4solicitors.com/mills-reeve-1412593.php,"Norwich, Norfolk, England",01603 660155
Mohammed & Co Solicitors,http://www.search4solicitors.com/mohammed-co-solicitors-1469860.php,"Preston, Lancashire, England",01772 888700
Moore & Tibbits,http://www.search4solicitors.com/moore-tibbits-1467133.php,"Warwick, Warwickshire, England",01926 491181
Moore Blatch Solicitors,http://www.search4solicitors.com/moore-blatch-solicitors-1650703.php,"Lymington, Hampshire, England",01590 625800
Morecrofts Solicitors LLP,http://www.search4solicitors.com/morecrofts-solicitors-llp-1413409.php,"Liverpool, Merseyside, England",0151 428 1911
Morecrofts Solicitors LLP,http://www.search4solicitors.com/morecrofts-solicitors-llp-1571743.php,"Crosby, Merseyside, England",0151 924 9234
Morecrofts Solicitors LLP,http://www.search4solicitors.com/morecrofts-solicitors-llp-1571739.php,"Liverpool, Merseyside, England",0151 236 8871
Morgan & Morgan,http://www.search4solicitors.com/morgan-morgan-1556033.php,"London, England",020 7493 1978
Morgan & Richardson,http://www.search4solicitors.com/morgan-richardson-1467138.php,"Cardigan, Ceredigion, Wales",01239 612302
Morgan Lewis & Bockius LLP,http://www.search4solicitors.com/morgan-lewis-bockius-llp-1628439.php,"London, England",020 3201 5000
Moss Beachley Mullem & Coleman,http://www.search4solicitors.com/moss-beachley-mullem-coleman-1565201.php,"London, England",020 7402 1401
Muckle LLP,http://www.search4solicitors.com/muckle-llp-1649615.php,"Newcastle upon Tyne, Tyne & Wear, England",0191 211 7777
Myers Fletcher & Gordon,http://www.search4solicitors.com/myers-fletcher-gordon-1637296.php,"London, England",020 7610 4433
Nathene & Co,http://www.search4solicitors.com/nathene-co-1407729.php,"London, England",020 7431 5020
Nelsons Solicitors,http://www.search4solicitors.com/nelsons-solicitors-1465349.php,"Nottingham, England",0115 958 6262
Newtons,http://www.search4solicitors.com/newtons-1553005.php,"London, England",020 7794 9696
Nexus Solicitors,http://www.search4solicitors.com/nexus-solicitors-1651810.php,"Manchester, Greater Manchester, England",0161 819 4901
Nicholas & Co,http://www.search4solicitors.com/nicholas-co-1553012.php,"London, England",020 7323 4450
Nicholsons Solicitors LLP,http://www.search4solicitors.com/nicholsons-solicitors-llp-1410053.php,"Lowestoft, Suffolk, England",01502 532300
Nockolds,http://www.search4solicitors.com/nockolds-1616597.php,"Bishop's Stortford, Hertfordshire, England",01279 755777
North Yorkshire Law,http://www.search4solicitors.com/north-yorkshire-law-1506912.php,"Scarborough, North Yorkshire, England",01723 360001
O M Marks & Co,http://www.search4solicitors.com/o-m-marks-co-1552728.php,"London, England",020 8371 6689
Oglethorpe Sturton & Gillibrand LLP,http://www.search4solicitors.com/oglethorpe-sturton-gillibrand-llp-1648118.php,"Lancaster, Lancashire, England",01524 846846
Okells Solicitors,http://www.search4solicitors.com/okells-solicitors-1421825.php,"Ross-on-Wye, Herefordshire, England",01989 762009
Openshaws,http://www.search4solicitors.com/openshaws-1410908.php,"Bideford, Devon, England",01237 478900
Osborne Clarke,http://www.search4solicitors.com/osborne-clarke-1509604.php,"Bristol, England",0117 917 3000
Osborne Clarke,http://www.search4solicitors.com/osborne-clarke-1413882.php,"London, England",020 7105 7000
Osmond & Osmond,http://www.search4solicitors.com/osmond-osmond-1574564.php,"London, England",020 7583 3434
OTB Eveling LLP,http://www.search4solicitors.com/otb-eveling-llp-1551532.php,"Exeter, Devon, England",01392 823811
Oury Clark,http://www.search4solicitors.com/oury-clark-1426096.php,"London, England",020 7067 4300
Owen White,http://www.search4solicitors.com/owen-white-1636394.php,"Slough, England",01753 876800
Owen White & Catlin,http://www.search4solicitors.com/owen-white-catlin-1552869.php,"Feltham, Middlesex, England",020 8890 2836
Painters,http://www.search4solicitors.com/painters-1635725.php,"Kidderminster, Worcestershire, England",01562 822295
Pardoes,http://www.search4solicitors.com/pardoes-1649673.php,"Bridgwater, Somerset, England",01278 457891
Paris Smith LLP,http://www.search4solicitors.com/paris-smith-llp-1647693.php,"Southampton, England",023 8048 2482
Patel & Bhatoa,http://www.search4solicitors.com/patel-bhatoa-1468704.php,"Bradford, West Yorkshire, England",01274 669023
Patrick Smith & Co,http://www.search4solicitors.com/patrick-smith-co-1551420.php,"Wantage, Oxfordshire, England",01235 772212
Paul Robinson Solicitors LLP,http://www.search4solicitors.com/paul-robinson-solicitors-llp-1413547.php,"Westcliff-on-Sea, Southend-on-Sea, England",01702 338338
Paul Ross & Company,http://www.search4solicitors.com/paul-ross-company-1471139.php,"Manchester, Greater Manchester, England",0161 832 0706
Payne & Payne,http://www.search4solicitors.com/payne-payne-1423242.php,"Hull, Kingston upon Hull, England",01482 326446
Payne & Payne,http://www.search4solicitors.com/payne-payne-1633275.php,"Hull, Kingston upon Hull, England",01482 326446
PCB Litigation LLP,http://www.search4solicitors.com/pcb-litigation-llp-1593252.php,"London, England",020 7831 2691
Pearl & Co,http://www.search4solicitors.com/pearl-co-1469587.php,"London, England",020 8202 6202
Pearson & Pearson,http://www.search4solicitors.com/pearson-pearson-1467247.php,"Kendal, Cumbria, England",01539 729555
Pellys Solicitors Ltd,http://www.search4solicitors.com/pellys-solicitors-ltd-1420061.php,"Bishop's Stortford, Hertfordshire, England",01279 758080
Penelope J Winnard,http://www.search4solicitors.com/penelope-j-winnard-1554980.php,"Holywell, Flintshire, Wales",01352 780229
Pengillys LLP,http://www.search4solicitors.com/pengillys-llp-1638663.php,"Weymouth, Dorset, England",01305 768888
Penmans,http://www.search4solicitors.com/penmans-1616637.php,"Stanford-le-Hope, Thurrock, England",01375 677777
Penningtons Manches LLP,http://www.search4solicitors.com/penningtons-manches-llp-1403840.php,"London, England",020 7457 3000
Peter J Fowler,http://www.search4solicitors.com/peter-j-fowler-1636630.php,"Wimborne, Dorset, England",01202 849242
Peters & Peters Solicitors LLP,http://www.search4solicitors.com/peters-peters-solicitors-llp-1445834.php,"London, England",020 7822 7777
Philip J Hammond & Sons,http://www.search4solicitors.com/philip-j-hammond-sons-1552234.php,"Leicester, England",0116 251 7171
Phillips & Co,http://www.search4solicitors.com/phillips-co-1405728.php,"Salisbury, Wiltshire, England",01747 820242
Pierre Thomas & Partners,http://www.search4solicitors.com/pierre-thomas-partners-1594674.php,"London, England",020 7602 0305
Pini Franco LLP,http://www.search4solicitors.com/pini-franco-llp-1618224.php,"London, England",020 7566 3140
Pinsent Masons LLP,http://www.search4solicitors.com/pinsent-masons-llp-1469119.php,"Manchester, Greater Manchester, England",0161 234 8234
Pinsent Masons LLP,http://www.search4solicitors.com/pinsent-masons-llp-1574299.php,"London, England",020 7054 2500
Pinsent Masons LLP,http://www.search4solicitors.com/pinsent-masons-llp-1406161.php,"Leeds, West Yorkshire, England",0113 244 5000
Pinsent Masons LLP,http://www.search4solicitors.com/pinsent-masons-llp-1405257.php,"London, England",020 7418 7000
Pitmans LLP,http://www.search4solicitors.com/pitmans-llp-1568269.php,"Reading, England",0118 958 0224
Placidi & Co,http://www.search4solicitors.com/placidi-co-1427380.php,"Southampton, England",01489 579804
Pleass Thomson & Co,http://www.search4solicitors.com/pleass-thomson-co-1585154.php,"Clacton-on-Sea, Essex, England",01255 221133
Poole Townsend,http://www.search4solicitors.com/poole-townsend-1584140.php,"Ulverston, Cumbria, England",01229 588111
Poole Townsend,http://www.search4solicitors.com/poole-townsend-1558646.php,"Barrow-in-Furness, Cumbria, England",01229 402220
Pooleys Solicitors LLP,http://www.search4solicitors.com/pooleys-solicitors-llp-1467296.php,"Swindon, England",01793 488848
Porter Dodson,http://www.search4solicitors.com/porter-dodson-1420606.php,"Sherborne, Dorset, England",01935 813101
Porter Dodson,http://www.search4solicitors.com/porter-dodson-1405786.php,"Yeovil, Somerset, England",01935 424 581
Probert & Gray,http://www.search4solicitors.com/probert-gray-1467795.php,"Neath, Neath Port Talbot, Wales",01639 643501
QualitySolicitors Burroughs Day,http://www.search4solicitors.com/qualitysolicitors-burroughs-day-1648905.php,"Bristol, England",0117 321 5638
QualitySolicitors Gruber Garratt,http://www.search4solicitors.com/qualitysolicitors-gruber-garratt-1510497.php,"Radcliffe, Greater Manchester, England",0161 724 0203
QualitySolicitors Nalders,http://www.search4solicitors.com/qualitysolicitors-nalders-1509566.php,"Truro, Cornwall, England",01872 241414
QualitySolicitors PGS Law,http://www.search4solicitors.com/qualitysolicitors-pgs-law-1410084.php,"South Shields, Tyne & Wear, England",0191 236 7091
QualitySolicitors Smith Roddam,http://www.search4solicitors.com/qualitysolicitors-smith-roddam-1412902.php,"Crook, Co Durham, England",01388 762564
Quastel Midgen LLP,http://www.search4solicitors.com/quastel-midgen-llp-1409535.php,"London, England",020 7908 2525
R T Coopers Solicitors,http://www.search4solicitors.com/r-t-coopers-solicitors-1599181.php,"London, England",020 7488 9947
RadcliffesLeBrasseur,http://www.search4solicitors.com/radcliffeslebrasseur-1412757.php,"London, England",020 7222 7040
RadcliffesLeBrasseur,http://www.search4solicitors.com/radcliffeslebrasseur-1414109.php,"Leeds, West Yorkshire, England",0113 341 1900
Rafina Solicitors,http://www.search4solicitors.com/rafina-solicitors-1410963.php,"Wembley, Middlesex, England",020 8908 6742
Rafiq & Co,http://www.search4solicitors.com/rafiq-co-1555008.php,"Leeds, West Yorkshire, England",0113 240 7556
Ralli Solicitors LLP,http://www.search4solicitors.com/ralli-solicitors-llp-1466044.php,"Salford, Greater Manchester, England",0161 832 6131
Rawlison Butler LLP,http://www.search4solicitors.com/rawlison-butler-llp-1581117.php,"Crawley, West Sussex, England",01293 527744
Read & Co,http://www.search4solicitors.com/read-co-1594470.php,"Twickenham, Middlesex, England",020 8892 8063
Reed Smith LLP,http://www.search4solicitors.com/reed-smith-llp-1405900.php,"London, England",020 3116 3000
Reynolds & Hawkes,http://www.search4solicitors.com/reynolds-hawkes-1467822.php,"Milton Keynes, England",01908 366521
Reynolds Porter Chamberlain LLP,http://www.search4solicitors.com/reynolds-porter-chamberlain-llp-1405880.php,"London, England",020 3060 6000
RHW Solicitors LLP,http://www.search4solicitors.com/rhw-solicitors-llp-1419662.php,"Guildford, Surrey, England",01483 302000
Rice-Jones & Smiths,http://www.search4solicitors.com/ricejones-smiths-1650826.php,"London, England",020 7831 2506
Rich & Carr Freer Bouskell,http://www.search4solicitors.com/rich-carr-freer-bouskell-1409807.php,"Leicester, England",0116 253 8021
Richard Buxton,http://www.search4solicitors.com/richard-buxton-1650955.php,"Cambridge, Cambridgeshire, England",01223 328933
Richard George & Jenkins,http://www.search4solicitors.com/richard-george-jenkins-1592763.php,"Newtown, Powys, Wales",01686 626210
Richard T Bate & Co,http://www.search4solicitors.com/richard-t-bate-co-1583932.php,"Tetbury, Gloucestershire, England",0117 964 5117
Richardson & Davies,http://www.search4solicitors.com/richardson-davies-1616691.php,"Coventry, West Midlands, England",024 7622 2001
Ringrose Law,http://www.search4solicitors.com/ringrose-law-1624049.php,"Boston, Lincolnshire, England",01205 311511
Risdon Hosegood,http://www.search4solicitors.com/risdon-hosegood-1509720.php,"Taunton, Somerset, England",01823 251571
Rix & Kay Solicitors LLP,http://www.search4solicitors.com/rix-kay-solicitors-llp-1421992.php,"Seaford, East Sussex, England",01323 897766
Rix & Kay Solicitors LLP,http://www.search4solicitors.com/rix-kay-solicitors-llp-1649407.php,"Uckfield, East Sussex, England",01825 761555
RMPI LLP,http://www.search4solicitors.com/rmpi-llp-1509709.php,"London, England",020 7318 4444
Robert A Hurst,http://www.search4solicitors.com/robert-a-hurst-1651452.php,"London, England",020 8209 1733
Robin Bellis,http://www.search4solicitors.com/robin-bellis-1557308.php,"Swanage, Dorset, England",01929 425722
Roger James Clements & Partners,http://www.search4solicitors.com/roger-james-clements-partners-1553128.php,"Newport, Wales",01633 257844
Rogers & Norton,http://www.search4solicitors.com/rogers-norton-1509734.php,"Norwich, Norfolk, England",01603 666001
Rogerson Galvin Solicitors,http://www.search4solicitors.com/rogerson-galvin-solicitors-1593325.php,"Ashton-under-Lyne, Greater Manchester, England",0161 344 2027
Rollits LLP,http://www.search4solicitors.com/rollits-llp-1606714.php,"York, England",01904 625790
Rollits LLP,http://www.search4solicitors.com/rollits-llp-1509735.php,"Hull, Kingston upon Hull, England",01482 323239
Ronald Fletcher Baker LLP,http://www.search4solicitors.com/ronald-fletcher-baker-llp-1421123.php,"London, England",020 7613 1402
Rosenblatt,http://www.search4solicitors.com/rosenblatt-1605597.php,"London, England",020 7955 0880
Ross Williams,http://www.search4solicitors.com/ross-williams-1553512.php,"Hitchin, Hertfordshire, England",01462 636666
Rothera Dowson,http://www.search4solicitors.com/rothera-dowson-1468180.php,"West Bridgford, Nottingham, England",0115 914 0077
Rothera Dowson,http://www.search4solicitors.com/rothera-dowson-1422951.php,"Nottingham, England",0115 952 0900
Rothera Dowson,http://www.search4solicitors.com/rothera-dowson-1617449.php,"Nottingham, England",0115 910 1285
Rothera Dowson,http://www.search4solicitors.com/rothera-dowson-1405966.php,"Nottingham, England",0115 910 0600
Rothwell & Evans,http://www.search4solicitors.com/rothwell-evans-1606320.php,"Swinton, Greater Manchester, England",0161 794 1830
Row & Scott,http://www.search4solicitors.com/row-scott-1553999.php,"Newcastle upon Tyne, Tyne & Wear, England",0191 273 9929
Royds Withy King,http://www.search4solicitors.com/royds-withy-king-1409999.php,"Oxford, Oxfordshire, England",01865 792300
Royds Withy King,http://www.search4solicitors.com/royds-withy-king-1424181.php,"London, England",020 7583 2222
Roythornes Ltd,http://www.search4solicitors.com/roythornes-ltd-1414860.php,"Peterborough, England",01733 558585
Roythornes Ltd,http://www.search4solicitors.com/roythornes-ltd-1629255.php,"Newmarket, Suffolk, England",01638 561320
Roythornes Ltd,http://www.search4solicitors.com/roythornes-ltd-1635782.php,"Spalding, Lincolnshire, England",01775 842500
Rubin Lewis O'Brien LLP,http://www.search4solicitors.com/rubin-lewis-obrien-llp-1407396.php,"Cwmbran, Torfaen, Wales",01633 867000
Russell & Co Solicitors Limited,http://www.search4solicitors.com/russell-co-solicitors-limited-1583942.php,"Crawley, West Sussex, England",01293 561965
Russell-Cooke,http://www.search4solicitors.com/russellcooke-1405989.php,"London, England",020 8789 9111
Rutherfords,http://www.search4solicitors.com/rutherfords-1407874.php,"Tamworth, Staffordshire, England",01827 310410
Rutherfords Legal LLP,http://www.search4solicitors.com/rutherfords-legal-llp-1406012.php,"Tamworth, Staffordshire, England",01827 311411
Salinger Solicitors & Notary Public,http://www.search4solicitors.com/salinger-solicitors-notary-public-1415304.php,"London, England",020 7937 8524
Samuel Phillips Law Firm,http://www.search4solicitors.com/samuel-phillips-law-firm-1581379.php,"Newcastle upon Tyne, Tyne & Wear, England",0191 232 8451
Sandersons,http://www.search4solicitors.com/sandersons-1467422.php,"Hull, Kingston upon Hull, England",01482 324662
Savage Crangle,http://www.search4solicitors.com/savage-crangle-1571979.php,"Skipton, North Yorkshire, England",01756 794611
Scott Fowler,http://www.search4solicitors.com/scott-fowler-1634464.php,"Northampton, Northamptonshire, England",01604 750506
Scott Richards,http://www.search4solicitors.com/scott-richards-1422059.php,"Teignmouth, Devon, England",01626 772441
Sebastians,http://www.search4solicitors.com/sebastians-1420888.php,"London, England",020 7583 2105
Seddons,http://www.search4solicitors.com/seddons-1608728.php,"London, England",020 7725 8000
Sedgwick LLP,http://www.search4solicitors.com/sedgwick-llp-1424245.php,"London, England",020 7929 1829
Shakespeare Martineau,http://www.search4solicitors.com/shakespeare-martineau-1411282.php,"Stratford-upon-Avon, Warwickshire, England",01789 416400
Shakespeare Martineau,http://www.search4solicitors.com/shakespeare-martineau-1406023.php,"Birmingham, West Midlands, England",0121 214 0000
Sharp Young & Pearce LLP,http://www.search4solicitors.com/sharp-young-pearce-llp-1552742.php,"Long Eaton, Derbyshire, England",0115 973 4111
Sharp Young & Pearce LLP,http://www.search4solicitors.com/sharp-young-pearce-llp-1466868.php,"Nottingham, England",0115 959 0055
Shearman & Sterling LLP,http://www.search4solicitors.com/shearman-sterling-llp-1607350.php,"London, England",020 7655 5000
Shepherd Evans Solicitors,http://www.search4solicitors.com/shepherd-evans-solicitors-1424132.php,"Macclesfield, Cheshire, England",01625 503909
SheridanLaw LLP,http://www.search4solicitors.com/sheridanlaw-llp-1594016.php,"Kingston upon Thames, Surrey, England",020 8541 1181
Sheridans,http://www.search4solicitors.com/sheridans-1410174.php,"London, England",020 7079 0100
Sherrards Solicitors LLP,http://www.search4solicitors.com/sherrards-solicitors-llp-1557075.php,"St Albans, Hertfordshire, England",01727 832830
Shulmans LLP,http://www.search4solicitors.com/shulmans-llp-1406115.php,"Leeds, West Yorkshire, England",0113 245 2833
Sills & Betteridge LLP,http://www.search4solicitors.com/sills-betteridge-llp-1635462.php,"Sleaford, Lincolnshire, England",01529 302800
Simmons & Simmons,http://www.search4solicitors.com/simmons-simmons-1467468.php,"London, England",020 7628 2020
Simon Burn Solicitors Limited,http://www.search4solicitors.com/simon-burn-solicitors-limited-1638306.php,"Cheltenham, Gloucestershire, England",01242 228444
Simons Muirhead & Burton,http://www.search4solicitors.com/simons-muirhead-burton-1473051.php,"London, England",020 7734 4499
Simpson Millar LLP,http://www.search4solicitors.com/simpson-millar-llp-1471992.php,"Stretford, Greater Manchester, England",0345 357 9200
Simpson Millar LLP,http://www.search4solicitors.com/simpson-millar-llp-1599219.php,"London, England",0345 357 9450
Simpson Millar LLP,http://www.search4solicitors.com/simpson-millar-llp-1410183.php,"London, England",0345 357 9400
Simpson Millar LLP,http://www.search4solicitors.com/simpson-millar-llp-1599221.php,"Cardiff, Wales",0345 357 9700
Simpson Millar LLP,http://www.search4solicitors.com/simpson-millar-llp-1471784.php,"Bristol, England",0345 357 9600
Simpson Millar LLP,http://www.search4solicitors.com/simpson-millar-llp-1682797.php,"Birmingham, West Midlands, England",0345 357 9750
Skadden Arps Slate Meagher & Flom (UK) LLP,http://www.search4solicitors.com/skadden-arps-slate-meagher-flom-uk-llp-1511836.php,"London, England",020 7519 7000
SL & Co,http://www.search4solicitors.com/sl-co-1574226.php,"Knowle, West Midlands, England",01564 777250
Slater Heelis,http://www.search4solicitors.com/slater-heelis-1406195.php,"Sale, Greater Manchester, England",0161 969 3131
Slee Blackwell,http://www.search4solicitors.com/slee-blackwell-1407113.php,"Barnstaple, Devon, England",01271 372128
Smith Partnership,http://www.search4solicitors.com/smith-partnership-1466203.php,"Burton-on-Trent, Staffordshire, England",01283 742020
Sookias & Sookias,http://www.search4solicitors.com/sookias-sookias-1594127.php,"London, England",020 7465 8000
Squire Patton Boggs,http://www.search4solicitors.com/squire-patton-boggs-1408604.php,"Manchester, Greater Manchester, England",0161 830 5000
Squire Patton Boggs,http://www.search4solicitors.com/squire-patton-boggs-1565394.php,"London, England",020 7655 1000
Squire Patton Boggs,http://www.search4solicitors.com/squire-patton-boggs-1404007.php,"Birmingham, West Midlands, England",0121 222 3000
Stanley & Co,http://www.search4solicitors.com/stanley-co-1606696.php,"Wembley, Middlesex, England",020 8903 7864
Steele Raymond LLP,http://www.search4solicitors.com/steele-raymond-llp-1410386.php,"Bournemouth, England",01202 294566
Steeles,http://www.search4solicitors.com/steeles-1409086.php,"London, England",020 7421 1720
Steeles,http://www.search4solicitors.com/steeles-1608256.php,"Norwich, Norfolk, England",01603 598000
Steeles,http://www.search4solicitors.com/steeles-1509461.php,"Diss, Norfolk, England",01379 652141
Stephens Scown LLP,http://www.search4solicitors.com/stephens-scown-llp-1422842.php,"Truro, Cornwall, England",01872 265100
Stephens Scown LLP,http://www.search4solicitors.com/stephens-scown-llp-1613764.php,"St Austell, Cornwall, England",01726 74433
Stephens Scown LLP,http://www.search4solicitors.com/stephens-scown-llp-1572067.php,"Exeter, Devon, England",01392 210700
Steptoe & Johnson,http://www.search4solicitors.com/steptoe-johnson-1405834.php,"London, England",020 7367 8000
stevensdrake,http://www.search4solicitors.com/stevensdrake-1615120.php,"Crawley, West Sussex, England",01293 596900
Stewarts Law LLP,http://www.search4solicitors.com/stewarts-law-llp-1618657.php,"Leeds, West Yorkshire, England",0113 222 0022
Stewarts Law LLP,http://www.search4solicitors.com/stewarts-law-llp-1617309.php,"London, England",020 7822 8000
Stockdale & Reid Ltd,http://www.search4solicitors.com/stockdale-reid-ltd-1467556.php,"North Shields, Tyne & Wear, England",0191 257 1341
Stockinger,http://www.search4solicitors.com/stockinger-1557898.php,"London, England",020 7833 0448
Streathers Solicitors LLP,http://www.search4solicitors.com/streathers-solicitors-llp-1412946.php,"London, England",020 7034 4200
Sugare & Co,http://www.search4solicitors.com/sugare-co-1617186.php,"Leeds, West Yorkshire, England",0113 427 6156
Summerfield Browne Solicitors,http://www.search4solicitors.com/summerfield-browne-solicitors-1953628.php,"Oxford, Oxfordshire, England",01865 784098
Summerfield Browne Solicitors,http://www.search4solicitors.com/summerfield-browne-solicitors-1953625.php,"London, England",020 3292 1306
Summerfield Browne Solicitors,http://www.search4solicitors.com/summerfield-browne-solicitors-1953624.php,"Cambridge, Cambridgeshire, England",01223 420252
Summerfield Browne Solicitors,http://www.search4solicitors.com/summerfield-browne-solicitors-1953623.php,"Birmingham, West Midlands, England",0121 259 0005
Summerfield Browne Solicitors,http://www.search4solicitors.com/summerfield-browne-solicitors-1944389.php,"Market Harborough, Leicestershire, England",01858 414284
Suttons,http://www.search4solicitors.com/suttons-1585161.php,"London, England",020 7935 5279
T A Capron & Co,http://www.search4solicitors.com/t-a-capron-co-1403552.php,"Grays, Thurrock, England",01375 378331
T A Matthews,http://www.search4solicitors.com/t-a-matthews-1636073.php,"Leominster, Herefordshire, England",01568 615905
T R Evans Hughes & Co,http://www.search4solicitors.com/t-r-evans-hughes-co-1552056.php,"Holyhead, Anglesey, Wales",01407 762204
Tallents Solicitors,http://www.search4solicitors.com/tallents-solicitors-1584879.php,"Southwell, Nottinghamshire, England",01636 813411
Taylor Vinters LLP,http://www.search4solicitors.com/taylor-vinters-llp-1410259.php,"Cambridge, Cambridgeshire, England",01223 423444
Taylor Walton LLP,http://www.search4solicitors.com/taylor-walton-llp-1407630.php,"St Albans, Hertfordshire, England",01727 845245
Taylor Wessing LLP,http://www.search4solicitors.com/taylor-wessing-llp-1410231.php,"London, England",020 7300 7000
Taylors,http://www.search4solicitors.com/taylors-1657684.php,"Manchester, Greater Manchester, England",0844 800 0263
Taylors,http://www.search4solicitors.com/taylors-1404179.php,"Blackburn, England",01254 297900
Teacher Stern LLP,http://www.search4solicitors.com/teacher-stern-llp-1406368.php,"London, England",020 7242 3191
Tedstone George & Tedstone,http://www.search4solicitors.com/tedstone-george-tedstone-1553364.php,"Penkridge, Staffordshire, England",01785 712243
Temple Heelis LLP,http://www.search4solicitors.com/temple-heelis-llp-1608592.php,"Kendal, Cumbria, England",01539 723757
Thatcher & Hallam LLP,http://www.search4solicitors.com/thatcher-hallam-llp-1509899.php,"Midsomer Norton, Bath & North East Somerset, England",01761 414646
The International Family Law Group LLP,http://www.search4solicitors.com/the-international-family-law-group-llp-1685811.php,"London, England",020 3178 5668
The Watson Ramsbottom Partnership,http://www.search4solicitors.com/the-watson-ramsbottom-partnership-1626171.php,"Great Harwood, Lancashire, England",01254 672222
The Watson Ramsbottom Partnership,http://www.search4solicitors.com/the-watson-ramsbottom-partnership-1627328.php,"Blackburn, England",01254 672222
The Wilkes Partnership LLP,http://www.search4solicitors.com/the-wilkes-partnership-llp-1407677.php,"Birmingham, West Midlands, England",0121 233 4333
Thomas Dunton Solicitors,http://www.search4solicitors.com/thomas-dunton-solicitors-1413823.php,"Orpington, Kent, England",01689 822554
Thomas Guise Solicitors,http://www.search4solicitors.com/thomas-guise-solicitors-1636277.php,"Worcester, Worcestershire, England",01905 723131
Thorpe & Co,http://www.search4solicitors.com/thorpe-co-1553203.php,"Filey, North Yorkshire, England",01723 515555
Thrings LLP,http://www.search4solicitors.com/thrings-llp-1406458.php,"Swindon, England",01793 410800
Thrings LLP,http://www.search4solicitors.com/thrings-llp-1579829.php,"Bristol, England",0117 930 9500
Thrings LLP,http://www.search4solicitors.com/thrings-llp-1411368.php,"Bath, Bath & North East Somerset, England",01225 340000
Thrings LLP,http://www.search4solicitors.com/thrings-llp-1423907.php,"London, England",020 7766 5600
Tickle Hall Cross,http://www.search4solicitors.com/tickle-hall-cross-1412988.php,"St Helens, Merseyside, England",01744 733333
TLT LLP,http://www.search4solicitors.com/tlt-llp-1406492.php,"Bristol, England",0333 006 0000
Tolhurst Fisher LLP,http://www.search4solicitors.com/tolhurst-fisher-llp-1604752.php,"Witham, Essex, England",01245 495111
Toller Beattie LLP,http://www.search4solicitors.com/toller-beattie-llp-1617004.php,"Barnstaple, Devon, England",01271 341000
Travers Smith LLP,http://www.search4solicitors.com/travers-smith-llp-1413001.php,"London, England",020 7295 3000
Troutman Sanders LLP,http://www.search4solicitors.com/troutman-sanders-llp-1646717.php,"London, England",020 7038 6650
Trowers & Hamlins LLP,http://www.search4solicitors.com/trowers-hamlins-llp-1509938.php,"London, England",020 7423 8000
Truman-Moore,http://www.search4solicitors.com/trumanmoore-1467642.php,"Verwood, Dorset, England",01202 824677
Turner Parkinson LLP,http://www.search4solicitors.com/turner-parkinson-llp-1414525.php,"Manchester, Greater Manchester, England",0161 833 1212
Turners Solicitors LLP,http://www.search4solicitors.com/turners-solicitors-llp-1554237.php,"Bournemouth, England",01202 291291
TWM Solicitors LLP,http://www.search4solicitors.com/twm-solicitors-llp-1402955.php,"Reigate, Surrey, England",01737 221212
TWM Solicitors LLP,http://www.search4solicitors.com/twm-solicitors-llp-1626849.php,"Leatherhead, Surrey, England",01372 374148
Usiskin & Co,http://www.search4solicitors.com/usiskin-co-1414819.php,"Oxford, Oxfordshire, England",01865 322160
Veale Wasbrough Vizards LLP,http://www.search4solicitors.com/veale-wasbrough-vizards-llp-1509987.php,"Bristol, England",0117 925 2020
Vincent French & Browne,http://www.search4solicitors.com/vincent-french-browne-1406550.php,"London, England",020 7831 4994
W H Matthews & Co,http://www.search4solicitors.com/w-h-matthews-co-1552907.php,"Staines, Middlesex, England",01784 453154
W H Matthews & Co,http://www.search4solicitors.com/w-h-matthews-co-1421691.php,"London, England",020 7251 4942
Walker Foster,http://www.search4solicitors.com/walker-foster-1624810.php,"Barnoldswick, Lancashire, England",01282 812340
Walker Morris LLP,http://www.search4solicitors.com/walker-morris-llp-1406585.php,"Leeds, West Yorkshire, England",0113 283 2500
Walters & Plaskitt,http://www.search4solicitors.com/walters-plaskitt-1468431.php,"Stoke-on-Trent, England",01782 845807
Waltons & Morse LLP,http://www.search4solicitors.com/waltons-morse-llp-1411377.php,"London, England",020 7623 4255
Wannops LLP,http://www.search4solicitors.com/wannops-llp-1636099.php,"Littlehampton, West Sussex, England",01903 228200
Wannops LLP,http://www.search4solicitors.com/wannops-llp-1635841.php,"Bognor Regis, West Sussex, England",01243 864001
Wansbroughs,http://www.search4solicitors.com/wansbroughs-1422115.php,"Melksham, Wiltshire, England",01225 896100
Ward Gethin Archer,http://www.search4solicitors.com/ward-gethin-archer-1605944.php,"Swaffham, Norfolk, England",01760 721992
Ward Hadaway,http://www.search4solicitors.com/ward-hadaway-1624812.php,"Newcastle upon Tyne, Tyne & Wear, England",0191 204 4000
Warner & Richardson,http://www.search4solicitors.com/warner-richardson-1465673.php,"Winchester, Hampshire, England",01962 868366
Warner Goodman LLP,http://www.search4solicitors.com/warner-goodman-llp-1553282.php,"Portsmouth, England",023 9275 3575
Waterson Hicks,http://www.search4solicitors.com/waterson-hicks-1636413.php,"London, England",020 7929 6060
Watson Burton LLP,http://www.search4solicitors.com/watson-burton-llp-1644650.php,"London, England",0345 901 2100
Watson Burton LLP,http://www.search4solicitors.com/watson-burton-llp-1612603.php,"Leeds, West Yorkshire, England",0345 901 2100
Watson Burton LLP,http://www.search4solicitors.com/watson-burton-llp-1636007.php,"Newcastle upon Tyne, Tyne & Wear, England",0845 901 2100
Watson Farley & Williams LLP,http://www.search4solicitors.com/watson-farley-williams-llp-1467945.php,"London, England",020 7814 8000
WBW Solicitors LLP,http://www.search4solicitors.com/wbw-solicitors-llp-1510077.php,"Bovey Tracey, Devon, England",01626 833263
WBW Solicitors LLP,http://www.search4solicitors.com/wbw-solicitors-llp-1406830.php,"Newton Abbot, Devon, England",01626 202404
Weightmans LLP,http://www.search4solicitors.com/weightmans-llp-1583236.php,"Leeds, West Yorkshire, England",0113 243 6601
Welburn & Co,http://www.search4solicitors.com/welburn-co-1557399.php,"Southampton, England",023 8023 0500
Whiskers LLP,http://www.search4solicitors.com/whiskers-llp-1410293.php,"Epping, Essex, England",01992 561111
Whitehead Monckton,http://www.search4solicitors.com/whitehead-monckton-1510575.php,"Tenterden, Kent, England",01580 765722
Whitehead Monckton,http://www.search4solicitors.com/whitehead-monckton-1635919.php,"Maidstone, Kent, England",01622 698000
Whitehead Vizard,http://www.search4solicitors.com/whitehead-vizard-1650048.php,"Salisbury, Wiltshire, England",01722 412141
Wiggin Osborne Fullerlove,http://www.search4solicitors.com/wiggin-osborne-fullerlove-1652002.php,"London, England",020 7290 2456
Wiggin Osborne Fullerlove,http://www.search4solicitors.com/wiggin-osborne-fullerlove-1637087.php,"Cheltenham, Gloucestershire, England",01242 710200
Wilde & Co,http://www.search4solicitors.com/wilde-co-1414350.php,"Neston, Cheshire, England",0151 353 1899
Wilkin Chapman Grange Solicitors,http://www.search4solicitors.com/wilkin-chapman-grange-solicitors-1616256.php,"Grimsby, North East Lincolnshire, England",01472 262626
Wilkinson Woodward,http://www.search4solicitors.com/wilkinson-woodward-1411726.php,"Halifax, West Yorkshire, England",01422 339600
Willett & Co,http://www.search4solicitors.com/willett-co-1582106.php,"Bury St Edmunds, Suffolk, England",01284 701323
Williamsons,http://www.search4solicitors.com/williamsons-1467777.php,"Hexham, Northumberland, England",01434 602643
WilmerHale,http://www.search4solicitors.com/wilmerhale-1632383.php,"Oxford, Oxfordshire, England",01235 823000
WilmerHale,http://www.search4solicitors.com/wilmerhale-1558442.php,"London, England",020 7872 1000
Wilson Barca LLP,http://www.search4solicitors.com/wilson-barca-llp-1508080.php,"London, England",020 7272 2072
Winckworth Sherwood LLP,http://www.search4solicitors.com/winckworth-sherwood-llp-1565408.php,"London, England",020 7593 5000
Winder Taylor Fallows,http://www.search4solicitors.com/winder-taylor-fallows-1616177.php,"Bolton, Greater Manchester, England",01204 389908
Winter Scott LLP,http://www.search4solicitors.com/winter-scott-llp-1599307.php,"London, England",020 7367 8989
Wise Geary,http://www.search4solicitors.com/wise-geary-1414142.php,"Banbury, Oxfordshire, England",01295 278500
Withers LLP,http://www.search4solicitors.com/withers-llp-1406792.php,"London, England",020 7597 6000
Woodfines LLP,http://www.search4solicitors.com/woodfines-llp-1405096.php,"Sandy, Bedfordshire, England",01767 680251
Woodfines LLP,http://www.search4solicitors.com/woodfines-llp-1427031.php,"Milton Keynes, England",01908 202150
Woodfines LLP,http://www.search4solicitors.com/woodfines-llp-1414695.php,"Cambridge, Cambridgeshire, England",01223 411421
Woodfines LLP,http://www.search4solicitors.com/woodfines-llp-1616963.php,"Bedford, Bedfordshire, England",01234 270600
Woolliscrofts,http://www.search4solicitors.com/woolliscrofts-1412333.php,"Stone, Staffordshire, England",01782 204000
Wrigley Claydon,http://www.search4solicitors.com/wrigley-claydon-1593624.php,"Oldham, Greater Manchester, England",0161 624 6811
Young Coles & Langdon,http://www.search4solicitors.com/young-coles-langdon-1650104.php,"Hastings, East Sussex, England",01424 437878
Zaiwalla & Co LLP,http://www.search4solicitors.com/zaiwalla-co-llp-1406910.php,"London, England",020 7312 1000
Zatman & Co,http://www.search4solicitors.com/zatman-co-1638670.php,"Salford, Greater Manchester, England",0161 832 2500
